aakamen.com,domainlist c2 domains
aaskmen.com,domainlist c2 domains
aifamen.com,domainlist c2 domains
aiwomen.com,domainlist c2 domains
aoaimen.com,domainlist c2 domains
aswomen.com,domainlist c2 domains
ayromen.com,domainlist c2 domains
bjadmen.com,domainlist c2 domains
bjyemen.com,domainlist c2 domains
brehmen.com,domainlist c2 domains
breymen.com,domainlist c2 domains
bzfamen.com,domainlist c2 domains
cenkmen.com,domainlist c2 domains
ceramen.com,domainlist c2 domains
cewomen.com,domainlist c2 domains
citumen.com,domainlist c2 domains
codamen.com,domainlist c2 domains
cyewmen.com,domainlist c2 domains
cylimen.com,domainlist c2 domains
dbyemen.com,domainlist c2 domains
ddahmen.com,domainlist c2 domains
ddotmen.com,domainlist c2 domains
ecrimen.com,domainlist c2 domains
ecyemen.com,domainlist c2 domains
fdfamen.com,domainlist c2 domains
ffgamen.com,domainlist c2 domains
fjmumen.com,domainlist c2 domains
fnramen.com,domainlist c2 domains
fregmen.com,domainlist c2 domains
gafamen.com,domainlist c2 domains
gasamen.com,domainlist c2 domains
hdwomen.com,domainlist c2 domains
hrwomen.com,domainlist c2 domains
iamamen.com,domainlist c2 domains
iksamen.com,domainlist c2 domains
iseemen.com,domainlist c2 domains
ishimen.com,domainlist c2 domains
jjfamen.com,domainlist c2 domains
jjwomen.com,domainlist c2 domains
jlsamen.com,domainlist c2 domains
jtinmen.com,domainlist c2 domains
kaqumen.com,domainlist c2 domains
kazumen.com,domainlist c2 domains
kensmen.com,domainlist c2 domains
kkmumen.com,domainlist c2 domains
koeymen.com,domainlist c2 domains
kohomen.com,domainlist c2 domains
kswomen.com,domainlist c2 domains
kwtoestnessbiophysicalohax.com,domainlist c2 domains
ltfamen.com,domainlist c2 domains
ltyemen.com,domainlist c2 domains
lvsemen.com,domainlist c2 domains
lvwomen.com,domainlist c2 domains
lxrymen.com,domainlist c2 domains
macymen.com,domainlist c2 domains
mazemen.com,domainlist c2 domains
mingmen.com,domainlist c2 domains
movimen.com,domainlist c2 domains
myramen.com,domainlist c2 domains
nbmumen.com,domainlist c2 domains
nfwomen.com,domainlist c2 domains
nvwomen.com,domainlist c2 domains
okyumen.com,domainlist c2 domains
ostlmen.com,domainlist c2 domains
phlumen.com,domainlist c2 domains
ploumen.com,domainlist c2 domains
priimen.com,domainlist c2 domains
qavemen.com,domainlist c2 domains
qyfamen.com,domainlist c2 domains
sabamen.com,domainlist c2 domains
saramen.com,domainlist c2 domains
saskmen.com,domainlist c2 domains
satomen.com,domainlist c2 domains
sertmen.com,domainlist c2 domains
sessmen.com,domainlist c2 domains
sobamen.com,domainlist c2 domains
sofimen.com,domainlist c2 domains
sonimen.com,domainlist c2 domains
susumen.com,domainlist c2 domains
swagmen.com,domainlist c2 domains
thammen.com,domainlist c2 domains
thawmen.com,domainlist c2 domains
thecmen.com,domainlist c2 domains
tholmen.com,domainlist c2 domains
trenmen.com,domainlist c2 domains
tridmen.com,domainlist c2 domains
troymen.com,domainlist c2 domains
trukmen.com,domainlist c2 domains
ttfamen.com,domainlist c2 domains
ugrumen.com,domainlist c2 domains
vroemen.com,domainlist c2 domains
webumen.com,domainlist c2 domains
wwwomen.com,domainlist c2 domains
xfatmen.com,domainlist c2 domains
xzwomen.com,domainlist c2 domains
ygfamen.com,domainlist c2 domains
ykeymen.com,domainlist c2 domains
ykximen.com,domainlist c2 domains
yudemen.com,domainlist c2 domains
yuzumen.com,domainlist c2 domains
ywmumen.com,domainlist c2 domains
zdwomen.com,domainlist c2 domains
zhaomen.com,domainlist c2 domains
azvyhvauwaftc3.com,domainlist c2 domains
cblxzbagcpdvw.com,domainlist c2 domains
cekrpezjqmsdx.com,domainlist c2 domains
dffrzxwkrrgbekluay.com,domainlist c2 domains
ecpsioxnhypeczogcj.com,domainlist c2 domains
eeergmorjrtxlo.com,domainlist c2 domains
enftvpdljwxx.com,domainlist c2 domains
kbhiyavikvzct9.com,domainlist c2 domains
kdevvpuxtxyvsguwt.com,domainlist c2 domains
lnumzhzoddzmk.com,domainlist c2 domains
ltaofxmvpquwigqr.com,domainlist c2 domains
lzrkccgsifccdfedet.com,domainlist c2 domains
mprlyortvvuquhb4i.com,domainlist c2 domains
pagtelfsfwpoad5l.com,domainlist c2 domains
pkrmmmtoqtrgrebh.com,domainlist c2 domains
ppyaecwokeldh7p.com,domainlist c2 domains
qcjcpbmliglrkg.com,domainlist c2 domains
qolibgjxvnhz.com,domainlist c2 domains
syyyjiohcatqslzme.com,domainlist c2 domains
uvjnromtkntdjoybv.com,domainlist c2 domains
yjjpdozqimmxfnwgx.com,domainlist c2 domains
yjtkbkxjleloywd.com,domainlist c2 domains
yufscfiwuafeybwpf0.com,domainlist c2 domains
ns1.backdates0.com,domainlist c2 domains
ns1.backdates2.com,domainlist c2 domains
ns1.dnsfor10.com,domainlist c2 domains
ervqveknzq.com,domainlist c2 domains
jdjlnzzgiwwo.com,domainlist c2 domains
lscyqrjofqmtn.com,domainlist c2 domains
mluztamhnngwgh.com,domainlist c2 domains
muiccxbvkvjb.com,domainlist c2 domains
www.iqhbyacfnea.com,domainlist c2 domains
orwvifxds.com,domainlist c2 domains
adhbtib.yi.org,domainlist c2 domains
afmbtgyktty.yi.org,domainlist c2 domains
bdubefoeug.yi.org,domainlist c2 domains
bpdyttrlp.yi.org,domainlist c2 domains
cdggua.yi.org,domainlist c2 domains
czpcxiyz.com,domainlist c2 domains
degaodd.com,domainlist c2 domains
evgevyhvsb.com,domainlist c2 domains
faainkd.com,domainlist c2 domains
fhqjwwn.com,domainlist c2 domains
flchxyxo.com,domainlist c2 domains
gatjyer.com,domainlist c2 domains
gviailawmc.yi.org,domainlist c2 domains
hntkfnrgrcs.com,domainlist c2 domains
hzmwxlmu.yi.org,domainlist c2 domains
ihouxyds.yi.org,domainlist c2 domains
iqwifsunu.yi.org,domainlist c2 domains
itifvo.yi.org,domainlist c2 domains
ixrbmmrfvg.com,domainlist c2 domains
jcaqtfo.com,domainlist c2 domains
jgtkhtigyfl.com,domainlist c2 domains
klofmvcx.yi.org,domainlist c2 domains
kqrhri.mooo.com,domainlist c2 domains
lbimniu.yi.org,domainlist c2 domains
mdnaizofvm.com,domainlist c2 domains
mssauww.com,domainlist c2 domains
muodaclf.yi.org,domainlist c2 domains
ngbmfsbuql.yi.org,domainlist c2 domains
pcajqcaof.yi.org,domainlist c2 domains
qijrgqelcmst.com,domainlist c2 domains
qpyosxkmcc.yi.org,domainlist c2 domains
qwzsprieo.yi.org,domainlist c2 domains
udtwirqzhdm.yi.org,domainlist c2 domains
ueqpslhose.com,domainlist c2 domains
wmvrlpvpqxu.yi.org,domainlist c2 domains
xlfstaxlrui.yi.org,domainlist c2 domains
zssdxcq.yi.org,domainlist c2 domains
zsshggtxnkn.com,domainlist c2 domains
feature-space.com,domainlist c2 domains
safetyprocess.com,domainlist c2 domains
bxmxwftsggra.support,domainlist c2 domains
abgbvpdmtkevyqphtbwyg.com,domainlist c2 domains
aethcexlrdijtv.com,domainlist c2 domains
bkbcaug.com,domainlist c2 domains
csusecrreviyvwpuo.com,domainlist c2 domains
ebphslposphwunnubwsb.com,domainlist c2 domains
eoutehtfkwqppvjcldf.com,domainlist c2 domains
esnbbeyqlearnirsljpyj.com,domainlist c2 domains
fqrsodmxudipia.com,domainlist c2 domains
ghkqmhbjdyilcd.com,domainlist c2 domains
hiillisiwttl.com,domainlist c2 domains
ixbncwiod.com,domainlist c2 domains
jclwlxuhopi.com,domainlist c2 domains
jlkjwvdkpobt.com,domainlist c2 domains
jwlwfwvjhuejqnigt.com,domainlist c2 domains
jyluuqsx.com,domainlist c2 domains
meejufjrj.pw,domainlist c2 domains
msoyqooaotuvpbw.com,domainlist c2 domains
nougkacrxceis.com,domainlist c2 domains
otjsjntahdjbrrlkpefu.us,domainlist c2 domains
pfuirerkjpfgqojfwi.com,domainlist c2 domains
pqacgrqbutvm.eu,domainlist c2 domains
prjytwdaw.com,domainlist c2 domains
qaxpqjwotu.com,domainlist c2 domains
qwdvkey.eu,domainlist c2 domains
tjhmoxlnydroxtvxfj.com,domainlist c2 domains
uiopkoupol.eu,domainlist c2 domains
uwdnydmevfm.com,domainlist c2 domains
veyhjalcl.us,domainlist c2 domains
wiyugustel.pw,domainlist c2 domains
xlbdypklduumlbnkjjkxv.com,domainlist c2 domains
ymlsyjetfjpp.us,domainlist c2 domains
yuwxjewsacdl.com,domainlist c2 domains
jfklax.com,domainlist c2 domains
lfmhcs.com,domainlist c2 domains
lizhis.com,domainlist c2 domains
paciat.com,domainlist c2 domains
snpvcp.com,domainlist c2 domains
actionfence.net,domainlist c2 domains
actionoutside.net,domainlist c2 domains
advanceorder.net,domainlist c2 domains
applenothing.net,domainlist c2 domains
beautymatter.net,domainlist c2 domains
beautynight.net,domainlist c2 domains
beforenothing.net,domainlist c2 domains
cleanoutside.net,domainlist c2 domains
clearmorning.net,domainlist c2 domains
containmiddle.net,domainlist c2 domains
cornermember.net,domainlist c2 domains
sgdzgk.com,domainlist c2 domains
ccsego.com,domainlist c2 domains
cealis.net,domainlist c2 domains
gcrivwnansnan.com,domainlist c2 domains
kovacs.biz,domainlist c2 domains
lvlobkn.com,domainlist c2 domains
meguia.net,domainlist c2 domains
quikki.com,domainlist c2 domains
ceigqweqwaywiqgu.org,domainlist c2 domains
eiscawcsgiaemsco.org,domainlist c2 domains
aafgcvjyvxlosy.com,domainlist c2 domains
aarbvsrdnhhidhwk.com,domainlist c2 domains
absqvhpldvsmclt.com,domainlist c2 domains
advjpbbhiwoccqa.com,domainlist c2 domains
aeblrkyvqmk.com,domainlist c2 domains
aftfjuclhvdubfeuqs.com,domainlist c2 domains
ahcqoemxnlyslypato.com,domainlist c2 domains
aitlfdxgligxqow.com,domainlist c2 domains
akkqttli.eu,domainlist c2 domains
anrylixwcbnjopdd.com,domainlist c2 domains
anxpepxpukbfmh.com,domainlist c2 domains
anyaikyaeifcprlcrof.com,domainlist c2 domains
anypbvojndegpnm.com,domainlist c2 domains
arpfpfmhgimikfp.com,domainlist c2 domains
asvafrqouvtam.com,domainlist c2 domains
atfpjouljn.com,domainlist c2 domains
aujastmvehxqmlbb.com,domainlist c2 domains
avpsjncogss.com,domainlist c2 domains
axswdqnjgrnryt.com,domainlist c2 domains
ayeedmgnpb.com,domainlist c2 domains
bbcfhohtwr.com,domainlist c2 domains
bdbcyqfrtxq.com,domainlist c2 domains
bftakdpbwltyhe.bid,domainlist c2 domains
bivaexusydnyp.com,domainlist c2 domains
bmnftumvop.com,domainlist c2 domains
bnmokfrjpylxhvmwx.com,domainlist c2 domains
brluetauvqpyjlmwr.com,domainlist c2 domains
buttiorffdlxk.com,domainlist c2 domains
cdrbbebvmrmvgig.com,domainlist c2 domains
ckyioylutybvcxv.com,domainlist c2 domains
cnbpdmqaxkredxnk.com,domainlist c2 domains
cramfqwvqlqeof.com,domainlist c2 domains
creunjqukjg.com,domainlist c2 domains
crgyxgkyshsjick.com,domainlist c2 domains
crocppgqdudtds.com,domainlist c2 domains
ctfoidlsctrlkrlhmj.com,domainlist c2 domains
cwyerobemr.com,domainlist c2 domains
dafnpgrvujrsmjkbkdd.com,domainlist c2 domains
dmdxsuxvlywxtlswclf.com,domainlist c2 domains
dmfcfogohwwatl.com,domainlist c2 domains
dqyumiqslaemuixxak.com,domainlist c2 domains
echrepdvcd.com,domainlist c2 domains
edirhtuawurxlobk.com,domainlist c2 domains
eegwxvadm.com,domainlist c2 domains
eibmornpk.com,domainlist c2 domains
emvgfshkhldeyou.com,domainlist c2 domains
etlixykg.com,domainlist c2 domains
excbifohvjwycxpsme.com,domainlist c2 domains
eyarffmarxwm.com,domainlist c2 domains
fbnurqhsbun.com,domainlist c2 domains
fejbmscsuruiow.com,domainlist c2 domains
fidjlfphserhycexjhf.com,domainlist c2 domains
fjicwyuyyppsei.com,domainlist c2 domains
fkovkvdmupunethwtg.com,domainlist c2 domains
fkpunqlqtkimrhrbear.com,domainlist c2 domains
fnvweaywlctnxsi.com,domainlist c2 domains
frpcpaabkn.com,domainlist c2 domains
fthmyvrefryk.com,domainlist c2 domains
fxejmhvyijoyxjcmly.com,domainlist c2 domains
fyokqvektjgcwl.com,domainlist c2 domains
gdpttpyvcuvav.com,domainlist c2 domains
gejsyavxw.com,domainlist c2 domains
gherhfhofm.com,domainlist c2 domains
gjvoemsjvb.com,domainlist c2 domains
gpqklhsorpe.com,domainlist c2 domains
gwdrhlnqfyujpcdl.com,domainlist c2 domains
gwjfujeqgjrg.com,domainlist c2 domains
hbpwkmkt.com,domainlist c2 domains
hejdgcstmwnbstixw.com,domainlist c2 domains
hghipyrq.com,domainlist c2 domains
hgnftgngjegoghjegv.com,domainlist c2 domains
hgyudheedieibxy.com,domainlist c2 domains
hqcwdgojpjeerrmqrd.com,domainlist c2 domains
hvmwgkolgqsihrhhsd.com,domainlist c2 domains
iavtuhrcy.com,domainlist c2 domains
iihsmkek.com,domainlist c2 domains
ijegpolbr.com,domainlist c2 domains
ijhmdbjgejoflewk.com,domainlist c2 domains
ikbcwonlqlmvk.com,domainlist c2 domains
irjeljgwfiaokbkcxnh.com,domainlist c2 domains
isxvhiqqlflxicdno.com,domainlist c2 domains
itktxexjghvvxa.com,domainlist c2 domains
ivaypikfqfktn.com,domainlist c2 domains
iwdshywjrvggnqohg.com,domainlist c2 domains
iyquaulnfx.com,domainlist c2 domains
jcnjrvpmcwwvnqi.com,domainlist c2 domains
jdhvlcjkgykjiraf.com,domainlist c2 domains
jexgpprgph.com,domainlist c2 domains
jhghrlufoh.com,domainlist c2 domains
jpcqdmfvn.com,domainlist c2 domains
jpmtaqtu.com,domainlist c2 domains
jsttajpjtpqiu.com,domainlist c2 domains
jswjfhumpudlhljnib.com,domainlist c2 domains
kbodfwsbgfmoneuoj.com,domainlist c2 domains
kebegvpl.com,domainlist c2 domains
kggkvucwrv.com,domainlist c2 domains
kirtreladiocqmisg.com,domainlist c2 domains
kkujkajkeiobts.com,domainlist c2 domains
knpqxlxcwtlvgrdyhd.com,domainlist c2 domains
ksdrwalv.com,domainlist c2 domains
ktvaatsckypuxwq.com,domainlist c2 domains
ktxerynkliucejfsy.com,domainlist c2 domains
kuehndqrw.com,domainlist c2 domains
kuvrocqp.com,domainlist c2 domains
lajlfdbqqr.com,domainlist c2 domains
lawklepwvnoo.com,domainlist c2 domains
lfqvgmphn.com,domainlist c2 domains
lkmkkblchefeibicfjl.com,domainlist c2 domains
lrqxvrqsihwtudox.com,domainlist c2 domains
ltdgvsxeuuevxxytwxb.com,domainlist c2 domains
lwqmgevnftflytvbgs.com,domainlist c2 domains
mbleswoqkbfmhhsbh.com,domainlist c2 domains
meeaexhvlnhfalqyrc.com,domainlist c2 domains
mmobykwrs.com,domainlist c2 domains
mochcckvjfboxocjjpf.com,domainlist c2 domains
mpaykojqbmuvdvqk.bid,domainlist c2 domains
mrthpcokvjc.com,domainlist c2 domains
mvdenjiniyvmyrco.click,domainlist c2 domains
mxicrfesqlk.com,domainlist c2 domains
ngbclncfxjdsmmribt.com,domainlist c2 domains
nhrnpnrpnyfgmsaj.com,domainlist c2 domains
nihsxhvkfjwotm.bid,domainlist c2 domains
nmrdnovjmcd.com,domainlist c2 domains
ntmhavejb.com,domainlist c2 domains
nvlyffua.com,domainlist c2 domains
nvrnisdf.com,domainlist c2 domains
nwwrxhdshbwbgdfal.com,domainlist c2 domains
nxrkmtdyjmnubs.com,domainlist c2 domains
oakedtell.eu,domainlist c2 domains
oeyiyqylgcfivavw.click,domainlist c2 domains
oihdgpxipqavpxaumvg.com,domainlist c2 domains
oihkldembdailah.com,domainlist c2 domains
onaxjbfinflx.com,domainlist c2 domains
osgbjqxllgcrpwuelm.com,domainlist c2 domains
ouwwtmcnuiudw.com,domainlist c2 domains
oxyoiuuhrmrk.com,domainlist c2 domains
pbrejhhsdgtgjw.com,domainlist c2 domains
pbswxuifgcmmaqg.bid,domainlist c2 domains
pgmqqseyvivnkuxkb.com,domainlist c2 domains
pneurilwwv.click,domainlist c2 domains
pnhdqltkumbyhqyrtqi.com,domainlist c2 domains
pphigrppk.com,domainlist c2 domains
ppyblaohb.com,domainlist c2 domains
pqatssxtdjqvjxpanwq.com,domainlist c2 domains
prcgijpwvrl.com,domainlist c2 domains
psxfljiwmxgnnag.com,domainlist c2 domains
pyysfwak.com,domainlist c2 domains
qbpxlqvuvl.com,domainlist c2 domains
qbqoxfujlbetfrjfh.com,domainlist c2 domains
qhmlfmghn.com,domainlist c2 domains
qhmmkqkk.com,domainlist c2 domains
qhvofnudibriut.com,domainlist c2 domains
qislvfqqp.com,domainlist c2 domains
qmjgxbkrerxk.com,domainlist c2 domains
qoaaxkcvvuumrkeivr.com,domainlist c2 domains
qplygskdeidoweja.com,domainlist c2 domains
qrarxngrqtmioqnawg.com,domainlist c2 domains
qujwqxiga.com,domainlist c2 domains
qwplvisnjturjnwoab.com,domainlist c2 domains
rbartdeguauwfnmuf.com,domainlist c2 domains
rclsurjwyrjqoebrqti.com,domainlist c2 domains
rgmxtsagmcvrrkofdkn.com,domainlist c2 domains
riaaiysk.com,domainlist c2 domains
rkjtwjwmesvwhpc.com,domainlist c2 domains
rlkeqcsygmmglv.com,domainlist c2 domains
rnybnenkcfvpfpqc.com,domainlist c2 domains
rrcaiodd.com,domainlist c2 domains
rrmlyaviljwuoph.com,domainlist c2 domains
rutmrdutdsynx.com,domainlist c2 domains
rwvvxssfbnp.com,domainlist c2 domains
sgllbjnsljeltl.com,domainlist c2 domains
sinjydtrv.com,domainlist c2 domains
slcdnbhpclwtokt.com,domainlist c2 domains
smqrbewtndlartnmq.com,domainlist c2 domains
snkbcptiqgqmlvw.com,domainlist c2 domains
swbadolov.com,domainlist c2 domains
swkksblqrljvgpavqoj.com,domainlist c2 domains
sykvfmrbjvj.com,domainlist c2 domains
tiqfgpaxvmhsxtk.com,domainlist c2 domains
tqjhvylf.com,domainlist c2 domains
twuybywnrlqcf.com,domainlist c2 domains
ubgjsqkad.com,domainlist c2 domains
ueaytdeacktsvcunoh.com,domainlist c2 domains
uegkbhbacte.com,domainlist c2 domains
ufksrjfuhvdeq.com,domainlist c2 domains
ujxhqewoobqrckr.com,domainlist c2 domains
ukiixagdbdkd.com,domainlist c2 domains
umiuqmrmvsuiscitx.com,domainlist c2 domains
uucxyfhvcoeyueknxs.click,domainlist c2 domains
uvenqtbfbeyvebqeb.com,domainlist c2 domains
uxfmuptkvsqvj.com,domainlist c2 domains
vbvqbnwyurqem.com,domainlist c2 domains
vehrhkpjorpyocu.com,domainlist c2 domains
vfjbsbxoqgdeayhu.com,domainlist c2 domains
vktkpkqmlufmqwvvu.com,domainlist c2 domains
vlupfbsuppipkrvbsdy.com,domainlist c2 domains
vomfvkcwhcfvksq.com,domainlist c2 domains
vosmefnuxkkmhbmuac.com,domainlist c2 domains
vrndmdrdrjoff.com,domainlist c2 domains
wglxvkpybhnxhfv.com,domainlist c2 domains
wliyfyudchpoipilob.com,domainlist c2 domains
wlrfjgojtlqel.com,domainlist c2 domains
wpemvmxj.com,domainlist c2 domains
wrfjivmimqajugdqtul.com,domainlist c2 domains
wtjpvbig.eu,domainlist c2 domains
wwmpetrwryslk.com,domainlist c2 domains
wxsssfvmqi.com,domainlist c2 domains
xdibuipkq.com,domainlist c2 domains
xfdshaqjbfguhlcwnl.com,domainlist c2 domains
xigulspulc.bid,domainlist c2 domains
xoognpnlet.com,domainlist c2 domains
xqfqftrtkdxdi.com,domainlist c2 domains
xxjrbdguytaii.com,domainlist c2 domains
xxockvkwmaiigrv.com,domainlist c2 domains
xyqrydep.com,domainlist c2 domains
yblmyabknhn.com,domainlist c2 domains
ycafyovxdnlsa.com,domainlist c2 domains
ydwqpuwjpxij.com,domainlist c2 domains
yfsxwvqbsnghyln.com,domainlist c2 domains
ykglqsbgjbxsja.com,domainlist c2 domains
ylyvqslkvglamfre.com,domainlist c2 domains
ymkiihjju.com,domainlist c2 domains
yvrktjohnvdb.com,domainlist c2 domains
ywphdckgaii.com,domainlist c2 domains
yyjiujeygdpkippa.com,domainlist c2 domains
bomed.eu,domainlist c2 domains
boved.eu,domainlist c2 domains
bovet.eu,domainlist c2 domains
boweb.eu,domainlist c2 domains
bozec.eu,domainlist c2 domains
bozet.eu,domainlist c2 domains
cicop.eu,domainlist c2 domains
cicuk.eu,domainlist c2 domains
cidec.eu,domainlist c2 domains
dobat.eu,domainlist c2 domains
dogal.eu,domainlist c2 domains
dogit.eu,domainlist c2 domains
doran.eu,domainlist c2 domains
doril.eu,domainlist c2 domains
doxys.eu,domainlist c2 domains
fobus.eu,domainlist c2 domains
fodex.eu,domainlist c2 domains
foqus.eu,domainlist c2 domains
fotek.eu,domainlist c2 domains
foton.eu,domainlist c2 domains
fotorob.info,domainlist c2 domains
fotos.eu,domainlist c2 domains
gacek.eu,domainlist c2 domains
gacynuz.com,domainlist c2 domains
gacyzuz.com,domainlist c2 domains
gadak.eu,domainlist c2 domains
gadap.eu,domainlist c2 domains
gadic.eu,domainlist c2 domains
gadyniw.com,domainlist c2 domains
gahyraw.com,domainlist c2 domains
galad.eu,domainlist c2 domains
galaz.eu,domainlist c2 domains
galek.eu,domainlist c2 domains
galen.eu,domainlist c2 domains
galep.eu,domainlist c2 domains
galifeu-kolsmmrwoytjfvofzfg.stackpathdns.com,domainlist c2 domains
galik.eu,domainlist c2 domains
galip.eu,domainlist c2 domains
galor.eu,domainlist c2 domains
ganar.eu,domainlist c2 domains
ganed.eu,domainlist c2 domains
ganiq.eu,domainlist c2 domains
gatec.eu,domainlist c2 domains
gater.eu,domainlist c2 domains
gatic.eu,domainlist c2 domains
gaton.eu,domainlist c2 domains
gatyfus.com,domainlist c2 domains
gatyhub.com,domainlist c2 domains
gatynes.com,domainlist c2 domains
halem.eu,domainlist c2 domains
haler.eu,domainlist c2 domains
halimaw.com,domainlist c2 domains
haluk.eu,domainlist c2 domains
hapeg.eu,domainlist c2 domains
hapoc.eu,domainlist c2 domains
HDRedirect-LB5-1afb6e2973825a56.elb.us-east-1.amazonaws.com,domainlist c2 domains
lygus.eu,domainlist c2 domains
lygynud.com,domainlist c2 domains
lygysij.com,domainlist c2 domains
lykil.eu,domainlist c2 domains
lyman.eu,domainlist c2 domains
lymos.eu,domainlist c2 domains
lyran.eu,domainlist c2 domains
lyras.eu,domainlist c2 domains
lyrex.eu,domainlist c2 domains
lysen.eu,domainlist c2 domains
lyset.eu,domainlist c2 domains
lysyfyj.com,domainlist c2 domains
lyxam.eu,domainlist c2 domains
mabox.eu,domainlist c2 domains
mabus.eu,domainlist c2 domains
mages.eu,domainlist c2 domains
magom.eu,domainlist c2 domains
makel.eu,domainlist c2 domains
makes.eu,domainlist c2 domains
makom.eu,domainlist c2 domains
makot.eu,domainlist c2 domains
makun.eu,domainlist c2 domains
mamet.eu,domainlist c2 domains
mamitam.com,domainlist c2 domains
mamixikusah.eu,domainlist c2 domains
mamon.eu,domainlist c2 domains
maramit.com,domainlist c2 domains
marenum.com,domainlist c2 domains
marex.eu,domainlist c2 domains
maros.eu,domainlist c2 domains
marotek.com,domainlist c2 domains
marow.eu,domainlist c2 domains
marusic.info,domainlist c2 domains
masen.eu,domainlist c2 domains
masex.eu,domainlist c2 domains
masol.eu,domainlist c2 domains
masum.eu,domainlist c2 domains
maxel.eu,domainlist c2 domains
nagal.eu,domainlist c2 domains
najam.eu,domainlist c2 domains
najisom.com,domainlist c2 domains
namax.eu,domainlist c2 domains
nametok.com,domainlist c2 domains
namig.eu,domainlist c2 domains
naril.eu,domainlist c2 domains
nasim.eu,domainlist c2 domains
navaj.eu,domainlist c2 domains
navis.eu,domainlist c2 domains
novodom.info,domainlist c2 domains
novotic.info,domainlist c2 domains
pres.serverhome.com,domainlist c2 domains
pufet.eu,domainlist c2 domains
pujol.eu,domainlist c2 domains
pumot.eu,domainlist c2 domains
puput.eu,domainlist c2 domains
purac.eu,domainlist c2 domains
pured.eu,domainlist c2 domains
purel.eu,domainlist c2 domains
purem.eu,domainlist c2 domains
purex.eu,domainlist c2 domains
puric.eu,domainlist c2 domains
purim.eu,domainlist c2 domains
purol.eu,domainlist c2 domains
purux.eu,domainlist c2 domains
qedysov.com,domainlist c2 domains
qetynev.com,domainlist c2 domains
ryhan.eu,domainlist c2 domains
sikom.eu,domainlist c2 domains
simagas.com,domainlist c2 domains
simet.eu,domainlist c2 domains
simul.eu,domainlist c2 domains
sirex.eu,domainlist c2 domains
siseb.eu,domainlist c2 domains
sisol.eu,domainlist c2 domains
tucer.eu,domainlist c2 domains
tunez.eu,domainlist c2 domains
tuweb.eu,domainlist c2 domains
tuzer.eu,domainlist c2 domains
videcam.info,domainlist c2 domains
vocab.eu,domainlist c2 domains
vocer.eu,domainlist c2 domains
vocom.eu,domainlist c2 domains
vocoret.com,domainlist c2 domains
vojykom.com,domainlist c2 domains
volar.eu,domainlist c2 domains
volec.eu,domainlist c2 domains
volez.eu,domainlist c2 domains
vonak.eu,domainlist c2 domains
voner.eu,domainlist c2 domains
vonum.eu,domainlist c2 domains
vowap.eu,domainlist c2 domains
wyles.eu,domainlist c2 domains
zugen.eu,domainlist c2 domains
zukov.eu,domainlist c2 domains
zusex.eu,domainlist c2 domains
afterhouse.net,domainlist c2 domains
afterimportant.net,domainlist c2 domains
afterlive.net,domainlist c2 domains
afterover.net,domainlist c2 domains
afterserve.net,domainlist c2 domains
drivehome.net,domainlist c2 domains
facegift.net,domainlist c2 domains
facetuesday.net,domainlist c2 domains
fearshown.net,domainlist c2 domains
fieldhouse.net,domainlist c2 domains
fieldrain.net,domainlist c2 domains
fieldserve.net,domainlist c2 domains
finishtravel.net,domainlist c2 domains
forcehome.net,domainlist c2 domains
forceover.net,domainlist c2 domains
gainhouse.net,domainlist c2 domains
gainpeace.net,domainlist c2 domains
laughbring.net,domainlist c2 domains
leaveproblem.net,domainlist c2 domains
materialspace.net,domainlist c2 domains
mountainshout.net,domainlist c2 domains
mountainvalley.net,domainlist c2 domains
nailbreak.net,domainlist c2 domains
pointfood.net,domainlist c2 domains
possibleobject.net,domainlist c2 domains
queenhello.net,domainlist c2 domains
queenhome.net,domainlist c2 domains
queenhouse.net,domainlist c2 domains
queenlive.net,domainlist c2 domains
ringborn.net,domainlist c2 domains
sellgift.net,domainlist c2 domains
sellhome.net,domainlist c2 domains
selllive.net,domainlist c2 domains
storebelieve.net,domainlist c2 domains
storygift.net,domainlist c2 domains
storygold.net,domainlist c2 domains
storyhome.net,domainlist c2 domains
storyhouse.net,domainlist c2 domains
strengthduring.net,domainlist c2 domains
subjectobject.net,domainlist c2 domains
sweetgoodbye.net,domainlist c2 domains
sweetvalley.net,domainlist c2 domains
tablecloth.net,domainlist c2 domains
tablefood.net,domainlist c2 domains
walkhome.net,domainlist c2 domains
weakover.net,domainlist c2 domains
wellborn.net,domainlist c2 domains
westfood.net,domainlist c2 domains
windowstation.net,domainlist c2 domains
winterstation.net,domainlist c2 domains
wintertravel.net,domainlist c2 domains
fpmsbeemehwt.org,domainlist c2 domains
qvwtxqjknmdf.com,domainlist c2 domains
rvylwwomuepp.org,domainlist c2 domains
alivite.com,domainlist c2 domains
apgtsdeh.com,domainlist c2 domains
canofdohwu.com,domainlist c2 domains
cbyhyjal.top,domainlist c2 domains
chgbqnefqf.top,domainlist c2 domains
clmtglwlkda.top,domainlist c2 domains
dejapknoh.top,domainlist c2 domains
esurgetd.com,domainlist c2 domains
fidorna.com,domainlist c2 domains
fiduhwomde.top,domainlist c2 domains
gbyvwfeve.com,domainlist c2 domains
goraddi.com,domainlist c2 domains
hawotseh.top,domainlist c2 domains
ingaros.com,domainlist c2 domains
iryrwxwt.top,domainlist c2 domains
janmpgf.top,domainlist c2 domains
klytkrqhale.top,domainlist c2 domains
lsxkdcbgt.top,domainlist c2 domains
mbmfirepyn.top,domainlist c2 domains
modicgofdor.top,domainlist c2 domains
natefkbej.top,domainlist c2 domains
nihillo.com,domainlist c2 domains
novelon.com,domainlist c2 domains
nuhoddutuw.com,domainlist c2 domains
onemser.com,domainlist c2 domains
povktmbi.top,domainlist c2 domains
pqlgpargner.top,domainlist c2 domains
regotlocnut.com,domainlist c2 domains
simanni.com,domainlist c2 domains
sofengo.com,domainlist c2 domains
telurwimlu.top,domainlist c2 domains
ulacwitde.top,domainlist c2 domains
urirmpyp.top,domainlist c2 domains
wnwjibytov.top,domainlist c2 domains
xqfytmzefst.top,domainlist c2 domains
ayaomc.com,domainlist c2 domains
bitacn.com,domainlist c2 domains
ezypig.com,domainlist c2 domains
fuyabo.com,domainlist c2 domains
godmmo.com,domainlist c2 domains
gyxuao.com,domainlist c2 domains
hawrre.com,domainlist c2 domains
kissus.com,domainlist c2 domains
krendy.com,domainlist c2 domains
pamiot.com,domainlist c2 domains
pubele.com,domainlist c2 domains
rediif.com,domainlist c2 domains
yizhar.com,domainlist c2 domains
