<!DOCTYPE html>,coinminer domain(<!DOCTYPE html>),cryptomining,coinblockerlists
<html class="devise-layout-html">,coinminer domain(<html class="devise-layout-html">),cryptomining,coinblockerlists
<script nonce="j0pTdnaMhU1wW1DZ5yzleQ==">,coinminer domain(<script nonce="j0pTdnaMhU1wW1DZ5yzleQ==">),cryptomining,coinblockerlists
//<![CDATA[,coinminer domain(//<![CDATA[),cryptomining,coinblockerlists
if (window.location.hash === '#register-pane') {,coinminer domain(if (window.location.hash === '#register-pane') {),cryptomining,coinblockerlists
  window.location.replace("/users/sign_up"),coinminer domain(  window.location.replace("/users/sign_up")),cryptomining,coinblockerlists
},coinminer domain(}),cryptomining,coinblockerlists
,coinminer domain(),cryptomining,coinblockerlists
//]]>,coinminer domain(//]]>),cryptomining,coinblockerlists
</script><head prefix="og: http://ogp.me/ns#">,coinminer domain(</script><head prefix="og: http://ogp.me/ns#">),cryptomining,coinblockerlists
<meta charset="utf-8">,coinminer domain(<meta charset="utf-8">),cryptomining,coinblockerlists
<link href="https://assets.gitlab-static.net" rel="dns-prefetch">,coinminer domain(<link href="https://assets.gitlab-static.net" rel="dns-prefetch">),cryptomining,coinblockerlists
<link crossorigin="" href="https://assets.gitlab-static.net" rel="preconnnect">,coinminer domain(<link crossorigin="" href="https://assets.gitlab-static.net" rel="preconnnect">),cryptomining,coinblockerlists
<meta content="IE=edge" http-equiv="X-UA-Compatible">,coinminer domain(<meta content="IE=edge" http-equiv="X-UA-Compatible">),cryptomining,coinblockerlists
<meta content="object" property="og:type">,coinminer domain(<meta content="object" property="og:type">),cryptomining,coinblockerlists
<meta content="GitLab" property="og:site_name">,coinminer domain(<meta content="GitLab" property="og:site_name">),cryptomining,coinblockerlists
<meta content="Sign in" property="og:title">,coinminer domain(<meta content="Sign in" property="og:title">),cryptomining,coinblockerlists
<meta content="GitLab.com" property="og:description">,coinminer domain(<meta content="GitLab.com" property="og:description">),cryptomining,coinblockerlists
<meta content="https://assets.gitlab-static.net/assets/gitlab_logo-7ae504fe4f68fdebb3c2034e36621930cd36ea87924c11ff65dbcb8ed50dca58.png" property="og:image">,coinminer domain(<meta content="https://assets.gitlab-static.net/assets/gitlab_logo-7ae504fe4f68fdebb3c2034e36621930cd36ea87924c11ff65dbcb8ed50dca58.png" property="og:image">),cryptomining,coinblockerlists
<meta content="64" property="og:image:width">,coinminer domain(<meta content="64" property="og:image:width">),cryptomining,coinblockerlists
<meta content="64" property="og:image:height">,coinminer domain(<meta content="64" property="og:image:height">),cryptomining,coinblockerlists
<meta content="https://gitlab.com/users/sign_in" property="og:url">,coinminer domain(<meta content="https://gitlab.com/users/sign_in" property="og:url">),cryptomining,coinblockerlists
<meta content="summary" property="twitter:card">,coinminer domain(<meta content="summary" property="twitter:card">),cryptomining,coinblockerlists
<meta content="Sign in" property="twitter:title">,coinminer domain(<meta content="Sign in" property="twitter:title">),cryptomining,coinblockerlists
<meta content="GitLab.com" property="twitter:description">,coinminer domain(<meta content="GitLab.com" property="twitter:description">),cryptomining,coinblockerlists
<meta content="https://assets.gitlab-static.net/assets/gitlab_logo-7ae504fe4f68fdebb3c2034e36621930cd36ea87924c11ff65dbcb8ed50dca58.png" property="twitter:image">,coinminer domain(<meta content="https://assets.gitlab-static.net/assets/gitlab_logo-7ae504fe4f68fdebb3c2034e36621930cd36ea87924c11ff65dbcb8ed50dca58.png" property="twitter:image">),cryptomining,coinblockerlists
,coinminer domain(),cryptomining,coinblockerlists
<title>Sign in · GitLab</title>,coinminer domain(<title>Sign in · GitLab</title>),cryptomining,coinblockerlists
<meta content="GitLab.com" name="description">,coinminer domain(<meta content="GitLab.com" name="description">),cryptomining,coinblockerlists
<link rel="shortcut icon" type="image/png" href="https://gitlab.com/assets/favicon-7901bd695fb93edb07975966062049829afb56cf11511236e61bcf425070e36e.png" id="favicon" data-original-href="https://gitlab.com/assets/favicon-7901bd695fb93edb07975966062049829afb56cf11511236e61bcf425070e36e.png" />,coinminer domain(<link rel="shortcut icon" type="image/png" href="https://gitlab.com/assets/favicon-7901bd695fb93edb07975966062049829afb56cf11511236e61bcf425070e36e.png" id="favicon" data-original-href="https://gitlab.com/assets/favicon-7901bd695fb93edb07975966062049829afb56cf11511236e61bcf425070e36e.png" />),cryptomining,coinblockerlists
<link rel="stylesheet" media="all" href="https://assets.gitlab-static.net/assets/application-b89ffbea40d8273cca0984b8e002f12b6703d9a7e04182574b14005a36ed861e.css" />,coinminer domain(<link rel="stylesheet" media="all" href="https://assets.gitlab-static.net/assets/application-b89ffbea40d8273cca0984b8e002f12b6703d9a7e04182574b14005a36ed861e.css" />),cryptomining,coinblockerlists
<link rel="stylesheet" media="print" href="https://assets.gitlab-static.net/assets/print-74c3df10dad473d66660c828e3aa54ca3bfeac6d8bb708643331403fe7211e60.css" />,coinminer domain(<link rel="stylesheet" media="print" href="https://assets.gitlab-static.net/assets/print-74c3df10dad473d66660c828e3aa54ca3bfeac6d8bb708643331403fe7211e60.css" />),cryptomining,coinblockerlists
,coinminer domain(),cryptomining,coinblockerlists
,coinminer domain(),cryptomining,coinblockerlists
<link rel="stylesheet" media="all" href="https://assets.gitlab-static.net/assets/highlight/themes/white-3144068cf4f603d290f553b653926358ddcd02493b9728f62417682657fc58c0.css" />,coinminer domain(<link rel="stylesheet" media="all" href="https://assets.gitlab-static.net/assets/highlight/themes/white-3144068cf4f603d290f553b653926358ddcd02493b9728f62417682657fc58c0.css" />),cryptomining,coinblockerlists
<script nonce="j0pTdnaMhU1wW1DZ5yzleQ==">,coinminer domain(<script nonce="j0pTdnaMhU1wW1DZ5yzleQ==">),cryptomining,coinblockerlists
//<![CDATA[,coinminer domain(//<![CDATA[),cryptomining,coinblockerlists
window.gon={};gon.api_version="v4";gon.default_avatar_url="https://assets.gitlab-static.net/assets/no_avatar-849f9c04a3a0d0cea2424ae97b27447dc64a7dbfae83c036c45b403392f0e8ba.png";gon.max_file_size=10;gon.asset_host="https://assets.gitlab-static.net";gon.webpack_public_path="https://assets.gitlab-static.net/assets/webpack/";gon.relative_url_root="";gon.shortcuts_path="/help/shortcuts";gon.user_color_scheme="white";gon.sentry_dsn="https://526a2f38a53d44e3a8e69bfa001d1e8b@sentry.gitlab.net/15";gon.sentry_environment=null;gon.gitlab_url="https://gitlab.com";gon.revision="baed89a26e2";gon.gitlab_logo="https://assets.gitlab-static.net/assets/gitlab_logo-7ae504fe4f68fdebb3c2034e36621930cd36ea87924c11ff65dbcb8ed50dca58.png";gon.sprite_icons="https://gitlab.com/assets/icons-70856f9b7d0749bfd282e4167164e232a0303c1226867feda2a716abac8183f9.svg";gon.sprite_file_icons="https://gitlab.com/assets/file_icons-7262fc6897e02f1ceaf8de43dc33afa5e4f9a2067f4f68ef77dcc87946575e9e.svg";gon.emoji_sprites_css_path="https://assets.gitlab-static.net/assets/emoji_sprites-289eccffb1183c188b630297431be837765d9ff4aed6130cf738586fb307c170.css";gon.test_env=false;gon.disable_animations=null;gon.suggested_label_colors={"#0033CC":"UA blue",coinminer domain(window.gon={};gon.api_version="v4";gon.default_avatar_url="https://assets.gitlab-static.net/assets/no_avatar-849f9c04a3a0d0cea2424ae97b27447dc64a7dbfae83c036c45b403392f0e8ba.png";gon.max_file_size=10;gon.asset_host="https://assets.gitlab-static.net";gon.webpack_public_path="https://assets.gitlab-static.net/assets/webpack/";gon.relative_url_root="";gon.shortcuts_path="/help/shortcuts";gon.user_color_scheme="white";gon.sentry_dsn="https://526a2f38a53d44e3a8e69bfa001d1e8b@sentry.gitlab.net/15";gon.sentry_environment=null;gon.gitlab_url="https://gitlab.com";gon.revision="baed89a26e2";gon.gitlab_logo="https://assets.gitlab-static.net/assets/gitlab_logo-7ae504fe4f68fdebb3c2034e36621930cd36ea87924c11ff65dbcb8ed50dca58.png";gon.sprite_icons="https://gitlab.com/assets/icons-70856f9b7d0749bfd282e4167164e232a0303c1226867feda2a716abac8183f9.svg";gon.sprite_file_icons="https://gitlab.com/assets/file_icons-7262fc6897e02f1ceaf8de43dc33afa5e4f9a2067f4f68ef77dcc87946575e9e.svg";gon.emoji_sprites_css_path="https://assets.gitlab-static.net/assets/emoji_sprites-289eccffb1183c188b630297431be837765d9ff4aed6130cf738586fb307c170.css";gon.test_env=false;gon.disable_animations=null;gon.suggested_label_colors={"#0033CC":"UA blue"),cryptomining,coinblockerlists
//]]>,coinminer domain(//]]>),cryptomining,coinblockerlists
</script>,coinminer domain(</script>),cryptomining,coinblockerlists
,coinminer domain(),cryptomining,coinblockerlists
<script src="https://assets.gitlab-static.net/assets/webpack/runtime.93485e43.bundle.js" defer="defer"></script>,coinminer domain(<script src="https://assets.gitlab-static.net/assets/webpack/runtime.93485e43.bundle.js" defer="defer"></script>),cryptomining,coinblockerlists
<script src="https://assets.gitlab-static.net/assets/webpack/main.228d5d07.chunk.js" defer="defer"></script>,coinminer domain(<script src="https://assets.gitlab-static.net/assets/webpack/main.228d5d07.chunk.js" defer="defer"></script>),cryptomining,coinblockerlists
<script src="https://assets.gitlab-static.net/assets/webpack/sentry.c752a2a0.chunk.js" defer="defer"></script>,coinminer domain(<script src="https://assets.gitlab-static.net/assets/webpack/sentry.c752a2a0.chunk.js" defer="defer"></script>),cryptomining,coinblockerlists
<script src="https://assets.gitlab-static.net/assets/webpack/commons~pages.groups.omniauth_callbacks~pages.ldap.omniauth_callbacks~pages.omniauth_callbacks~pages~577d7818.a72596e8.chunk.js" defer="defer"></script>,coinminer domain(<script src="https://assets.gitlab-static.net/assets/webpack/commons~pages.groups.omniauth_callbacks~pages.ldap.omniauth_callbacks~pages.omniauth_callbacks~pages~577d7818.a72596e8.chunk.js" defer="defer"></script>),cryptomining,coinblockerlists
<script src="https://assets.gitlab-static.net/assets/webpack/pages.sessions.new.994c8c5b.chunk.js" defer="defer"></script>,coinminer domain(<script src="https://assets.gitlab-static.net/assets/webpack/pages.sessions.new.994c8c5b.chunk.js" defer="defer"></script>),cryptomining,coinblockerlists
,coinminer domain(),cryptomining,coinblockerlists
<meta name="csrf-param" content="authenticity_token" />,coinminer domain(<meta name="csrf-param" content="authenticity_token" />),cryptomining,coinblockerlists
<meta name="csrf-token" content="YsBXJ4PyyR6Da6vGPEEBjj7wVB/P/Mj8U7EOb6bEO58OIY7VdPLrZEwkv8RSU/k9SroTCGoB7HlYDSJhqDCwlA==" />,coinminer domain(<meta name="csrf-token" content="YsBXJ4PyyR6Da6vGPEEBjj7wVB/P/Mj8U7EOb6bEO58OIY7VdPLrZEwkv8RSU/k9SroTCGoB7HlYDSJhqDCwlA==" />),cryptomining,coinblockerlists
<meta name="csp-nonce" content="j0pTdnaMhU1wW1DZ5yzleQ==" />,coinminer domain(<meta name="csp-nonce" content="j0pTdnaMhU1wW1DZ5yzleQ==" />),cryptomining,coinblockerlists
<meta content="origin-when-cross-origin" name="referrer">,coinminer domain(<meta content="origin-when-cross-origin" name="referrer">),cryptomining,coinblockerlists
<meta content="width=device-width,coinminer domain(<meta content="width=device-width),cryptomining,coinblockerlists
<meta content="#474D57" name="theme-color">,coinminer domain(<meta content="#474D57" name="theme-color">),cryptomining,coinblockerlists
<link rel="apple-touch-icon" type="image/x-icon" href="https://assets.gitlab-static.net/assets/touch-icon-iphone-5a9cee0e8a51212e70b90c87c12f382c428870c0ff67d1eb034d884b78d2dae7.png" />,coinminer domain(<link rel="apple-touch-icon" type="image/x-icon" href="https://assets.gitlab-static.net/assets/touch-icon-iphone-5a9cee0e8a51212e70b90c87c12f382c428870c0ff67d1eb034d884b78d2dae7.png" />),cryptomining,coinblockerlists
<link rel="apple-touch-icon" type="image/x-icon" href="https://assets.gitlab-static.net/assets/touch-icon-ipad-a6eec6aeb9da138e507593b464fdac213047e49d3093fc30e90d9a995df83ba3.png" sizes="76x76" />,coinminer domain(<link rel="apple-touch-icon" type="image/x-icon" href="https://assets.gitlab-static.net/assets/touch-icon-ipad-a6eec6aeb9da138e507593b464fdac213047e49d3093fc30e90d9a995df83ba3.png" sizes="76x76" />),cryptomining,coinblockerlists
<link rel="apple-touch-icon" type="image/x-icon" href="https://assets.gitlab-static.net/assets/touch-icon-iphone-retina-72e2aadf86513a56e050e7f0f2355deaa19cc17ed97bbe5147847f2748e5a3e3.png" sizes="120x120" />,coinminer domain(<link rel="apple-touch-icon" type="image/x-icon" href="https://assets.gitlab-static.net/assets/touch-icon-iphone-retina-72e2aadf86513a56e050e7f0f2355deaa19cc17ed97bbe5147847f2748e5a3e3.png" sizes="120x120" />),cryptomining,coinblockerlists
<link rel="apple-touch-icon" type="image/x-icon" href="https://assets.gitlab-static.net/assets/touch-icon-ipad-retina-8ebe416f5313483d9c1bc772b5bbe03ecad52a54eba443e5215a22caed2a16a2.png" sizes="152x152" />,coinminer domain(<link rel="apple-touch-icon" type="image/x-icon" href="https://assets.gitlab-static.net/assets/touch-icon-ipad-retina-8ebe416f5313483d9c1bc772b5bbe03ecad52a54eba443e5215a22caed2a16a2.png" sizes="152x152" />),cryptomining,coinblockerlists
<link color="rgb(226,coinminer domain(<link color="rgb(226),cryptomining,coinblockerlists
<meta content="https://assets.gitlab-static.net/assets/msapplication-tile-1196ec67452f618d39cdd85e2e3a542f76574c071051ae7effbfde01710eb17d.png" name="msapplication-TileImage">,coinminer domain(<meta content="https://assets.gitlab-static.net/assets/msapplication-tile-1196ec67452f618d39cdd85e2e3a542f76574c071051ae7effbfde01710eb17d.png" name="msapplication-TileImage">),cryptomining,coinblockerlists
<meta content="#30353E" name="msapplication-TileColor">,coinminer domain(<meta content="#30353E" name="msapplication-TileColor">),cryptomining,coinblockerlists
,coinminer domain(),cryptomining,coinblockerlists
,coinminer domain(),cryptomining,coinblockerlists
,coinminer domain(),cryptomining,coinblockerlists
<script nonce="j0pTdnaMhU1wW1DZ5yzleQ==">,coinminer domain(<script nonce="j0pTdnaMhU1wW1DZ5yzleQ==">),cryptomining,coinblockerlists
//<![CDATA[,coinminer domain(//<![CDATA[),cryptomining,coinblockerlists
;(function(p,coinminer domain(;(function(p),cryptomining,coinblockerlists
p.GlobalSnowplowNamespace.push(i);p[i]=function(){(p[i].q=p[i].q||[]).push(arguments),coinminer domain(p.GlobalSnowplowNamespace.push(i);p[i]=function(){(p[i].q=p[i].q||[]).push(arguments)),cryptomining,coinblockerlists
};p[i].q=p[i].q||[];n=l.createElement(o);g=l.getElementsByTagName(o)[0];n.async=1;,coinminer domain(};p[i].q=p[i].q||[];n=l.createElement(o);g=l.getElementsByTagName(o)[0];n.async=1;),cryptomining,coinblockerlists
n.src=w;g.parentNode.insertBefore(n,coinminer domain(n.src=w;g.parentNode.insertBefore(n),cryptomining,coinblockerlists
,coinminer domain(),cryptomining,coinblockerlists
window.snowplowOptions = {"namespace":"gl",coinminer domain(window.snowplowOptions = {"namespace":"gl"),cryptomining,coinblockerlists
,coinminer domain(),cryptomining,coinblockerlists
,coinminer domain(),cryptomining,coinblockerlists
//]]>,coinminer domain(//]]>),cryptomining,coinblockerlists
</script>,coinminer domain(</script>),cryptomining,coinblockerlists
</head>,coinminer domain(</head>),cryptomining,coinblockerlists
,coinminer domain(),cryptomining,coinblockerlists
<body class="application gl-browser-generic gl-platform-other login-page navless ui-indigo" data-page="sessions:new" data-qa-selector="login_page">,coinminer domain(<body class="application gl-browser-generic gl-platform-other login-page navless ui-indigo" data-page="sessions:new" data-qa-selector="login_page">),cryptomining,coinblockerlists
,coinminer domain(),cryptomining,coinblockerlists
<script nonce="j0pTdnaMhU1wW1DZ5yzleQ==">,coinminer domain(<script nonce="j0pTdnaMhU1wW1DZ5yzleQ==">),cryptomining,coinblockerlists
//<![CDATA[,coinminer domain(//<![CDATA[),cryptomining,coinblockerlists
gl = window.gl || {};,coinminer domain(gl = window.gl || {};),cryptomining,coinblockerlists
gl.client = {"isGeneric":true,coinminer domain(gl.client = {"isGeneric":true),cryptomining,coinblockerlists
,coinminer domain(),cryptomining,coinblockerlists
,coinminer domain(),cryptomining,coinblockerlists
//]]>,coinminer domain(//]]>),cryptomining,coinblockerlists
</script>,coinminer domain(</script>),cryptomining,coinblockerlists
<div class="page-wrap">,coinminer domain(<div class="page-wrap">),cryptomining,coinblockerlists
<header class="navbar fixed-top navbar-empty">,coinminer domain(<header class="navbar fixed-top navbar-empty">),cryptomining,coinblockerlists
<svg width="24" height="24" class="tanuki-logo" viewBox="0 0 36 36">,coinminer domain(<svg width="24" height="24" class="tanuki-logo" viewBox="0 0 36 36">),cryptomining,coinblockerlists
  <path class="tanuki-shape tanuki-left-ear" fill="#e24329" d="M2 14l9.38 9v-9l-4-12.28c-.205-.632-1.176-.632-1.38 0z"/>,coinminer domain(  <path class="tanuki-shape tanuki-left-ear" fill="#e24329" d="M2 14l9.38 9v-9l-4-12.28c-.205-.632-1.176-.632-1.38 0z"/>),cryptomining,coinblockerlists
  <path class="tanuki-shape tanuki-right-ear" fill="#e24329" d="M34 14l-9.38 9v-9l4-12.28c.205-.632 1.176-.632 1.38 0z"/>,coinminer domain(  <path class="tanuki-shape tanuki-right-ear" fill="#e24329" d="M34 14l-9.38 9v-9l4-12.28c.205-.632 1.176-.632 1.38 0z"/>),cryptomining,coinblockerlists
  <path class="tanuki-shape tanuki-nose" fill="#e24329" d="M18,coinminer domain(  <path class="tanuki-shape tanuki-nose" fill="#e24329" d="M18),cryptomining,coinblockerlists
  <path class="tanuki-shape tanuki-left-eye" fill="#fc6d26" d="M18,coinminer domain(  <path class="tanuki-shape tanuki-left-eye" fill="#fc6d26" d="M18),cryptomining,coinblockerlists
  <path class="tanuki-shape tanuki-right-eye" fill="#fc6d26" d="M18,coinminer domain(  <path class="tanuki-shape tanuki-right-eye" fill="#fc6d26" d="M18),cryptomining,coinblockerlists
  <path class="tanuki-shape tanuki-left-cheek" fill="#fca326" d="M2 14L.1 20.16c-.18.565 0 1.2.5 1.56l17.42 12.66z"/>,coinminer domain(  <path class="tanuki-shape tanuki-left-cheek" fill="#fca326" d="M2 14L.1 20.16c-.18.565 0 1.2.5 1.56l17.42 12.66z"/>),cryptomining,coinblockerlists
  <path class="tanuki-shape tanuki-right-cheek" fill="#fca326" d="M34 14l1.9 6.16c.18.565 0 1.2-.5 1.56L18 34.38z"/>,coinminer domain(  <path class="tanuki-shape tanuki-right-cheek" fill="#fca326" d="M34 14l1.9 6.16c.18.565 0 1.2-.5 1.56L18 34.38z"/>),cryptomining,coinblockerlists
</svg>,coinminer domain(</svg>),cryptomining,coinblockerlists
,coinminer domain(),cryptomining,coinblockerlists
</header>,coinminer domain(</header>),cryptomining,coinblockerlists
,coinminer domain(),cryptomining,coinblockerlists
<div class="login-page-broadcast">,coinminer domain(<div class="login-page-broadcast">),cryptomining,coinblockerlists
,coinminer domain(),cryptomining,coinblockerlists
</div>,coinminer domain(</div>),cryptomining,coinblockerlists
<div class="container navless-container">,coinminer domain(<div class="container navless-container">),cryptomining,coinblockerlists
<div class="content">,coinminer domain(<div class="content">),cryptomining,coinblockerlists
<div class="flash-container flash-container-page sticky">,coinminer domain(<div class="flash-container flash-container-page sticky">),cryptomining,coinblockerlists
</div>,coinminer domain(</div>),cryptomining,coinblockerlists
,coinminer domain(),cryptomining,coinblockerlists
<div class="row mt-3">,coinminer domain(<div class="row mt-3">),cryptomining,coinblockerlists
<div class="col-sm-12">,coinminer domain(<div class="col-sm-12">),cryptomining,coinblockerlists
<h1 class="mb-3 font-weight-normal">,coinminer domain(<h1 class="mb-3 font-weight-normal">),cryptomining,coinblockerlists
GitLab.com,coinminer domain(GitLab.com),cryptomining,coinblockerlists
</h1>,coinminer domain(</h1>),cryptomining,coinblockerlists
</div>,coinminer domain(</div>),cryptomining,coinblockerlists
</div>,coinminer domain(</div>),cryptomining,coinblockerlists
<div class="row mb-3">,coinminer domain(<div class="row mb-3">),cryptomining,coinblockerlists
<div class="col-sm-7 order-12 order-sm-1 brand-holder">,coinminer domain(<div class="col-sm-7 order-12 order-sm-1 brand-holder">),cryptomining,coinblockerlists
,coinminer domain(),cryptomining,coinblockerlists
<p data-sourcepos="1:1-1:84" dir="auto">GitLab.com offers free unlimited (private) repositories and unlimited collaborators.</p>&#x000A;<ul data-sourcepos="3:1-7:0" dir="auto">&#x000A;<li data-sourcepos="3:1-3:98">&#x000A;<a href="https://gitlab.com/explore/projects/trending">Explore projects on GitLab.com</a> (no login needed)</li>&#x000A;<li data-sourcepos="4:1-4:75"><a href="https://about.gitlab.com/gitlab-com/" rel="nofollow noreferrer noopener" target="_blank">More information about GitLab.com</a></li>&#x000A;<li data-sourcepos="5:1-5:80"><a href="https://gitlab.com/gitlab-com/support-forum/issues">GitLab.com Support Forum</a></li>&#x000A;<li data-sourcepos="6:1-7:0"><a href="https://about.gitlab.com" rel="nofollow noreferrer noopener" target="_blank">GitLab Homepage</a></li>&#x000A;</ul>&#x000A;<p data-sourcepos="8:1-8:67" dir="auto">By signing up for and by signing in to this service you accept our:</p>&#x000A;<ul data-sourcepos="10:1-11:65" dir="auto">&#x000A;<li data-sourcepos="10:1-10:53"><a href="https://about.gitlab.com/privacy/" rel="nofollow noreferrer noopener" target="_blank">Privacy policy</a></li>&#x000A;<li data-sourcepos="11:1-11:65">&#x000A;<a href="https://about.gitlab.com/terms/#gitlab_com" rel="nofollow noreferrer noopener" target="_blank">GitLab.com Terms</a>.</li>&#x000A;</ul>,coinminer domain(<p data-sourcepos="1:1-1:84" dir="auto">GitLab.com offers free unlimited (private) repositories and unlimited collaborators.</p>&#x000A;<ul data-sourcepos="3:1-7:0" dir="auto">&#x000A;<li data-sourcepos="3:1-3:98">&#x000A;<a href="https://gitlab.com/explore/projects/trending">Explore projects on GitLab.com</a> (no login needed)</li>&#x000A;<li data-sourcepos="4:1-4:75"><a href="https://about.gitlab.com/gitlab-com/" rel="nofollow noreferrer noopener" target="_blank">More information about GitLab.com</a></li>&#x000A;<li data-sourcepos="5:1-5:80"><a href="https://gitlab.com/gitlab-com/support-forum/issues">GitLab.com Support Forum</a></li>&#x000A;<li data-sourcepos="6:1-7:0"><a href="https://about.gitlab.com" rel="nofollow noreferrer noopener" target="_blank">GitLab Homepage</a></li>&#x000A;</ul>&#x000A;<p data-sourcepos="8:1-8:67" dir="auto">By signing up for and by signing in to this service you accept our:</p>&#x000A;<ul data-sourcepos="10:1-11:65" dir="auto">&#x000A;<li data-sourcepos="10:1-10:53"><a href="https://about.gitlab.com/privacy/" rel="nofollow noreferrer noopener" target="_blank">Privacy policy</a></li>&#x000A;<li data-sourcepos="11:1-11:65">&#x000A;<a href="https://about.gitlab.com/terms/#gitlab_com" rel="nofollow noreferrer noopener" target="_blank">GitLab.com Terms</a>.</li>&#x000A;</ul>),cryptomining,coinblockerlists
,coinminer domain(),cryptomining,coinblockerlists
</div>,coinminer domain(</div>),cryptomining,coinblockerlists
<div class="col-sm-5 order-1 order-sm-12 new-session-forms-container">,coinminer domain(<div class="col-sm-5 order-1 order-sm-12 new-session-forms-container">),cryptomining,coinblockerlists
<div id="signin-container">,coinminer domain(<div id="signin-container">),cryptomining,coinblockerlists
<div class="tab-content">,coinminer domain(<div class="tab-content">),cryptomining,coinblockerlists
<div class="login-box tab-pane active" id="login-pane" role="tabpanel">,coinminer domain(<div class="login-box tab-pane active" id="login-pane" role="tabpanel">),cryptomining,coinblockerlists
<div class="login-body">,coinminer domain(<div class="login-body">),cryptomining,coinblockerlists
<form class="new_user gl-show-field-errors" id="new_user" aria-live="assertive" action="/users/sign_in" accept-charset="UTF-8" method="post"><input name="utf8" type="hidden" value="&#x2713;" /><input type="hidden" name="authenticity_token" value="T07qZWIxlc9NGhI1iiRDM87u+k+HUytpLAwCaiKNAIUjrzOXlTG3tYJVBjfkNruAuqS9WCKuD+wnsC5kLHmLjg==" /><div class="form-group">,coinminer domain(<form class="new_user gl-show-field-errors" id="new_user" aria-live="assertive" action="/users/sign_in" accept-charset="UTF-8" method="post"><input name="utf8" type="hidden" value="&#x2713;" /><input type="hidden" name="authenticity_token" value="T07qZWIxlc9NGhI1iiRDM87u+k+HUytpLAwCaiKNAIUjrzOXlTG3tYJVBjfkNruAuqS9WCKuD+wnsC5kLHmLjg==" /><div class="form-group">),cryptomining,coinblockerlists
<label for="user_login" class="label-bold">Username or email</label>,coinminer domain(<label for="user_login" class="label-bold">Username or email</label>),cryptomining,coinblockerlists
<input class="form-control top" autofocus="autofocus" autocapitalize="off" autocorrect="off" required="required" title="This field is required." data-qa-selector="login_field" type="text" name="user[login]" id="user_login" />,coinminer domain(<input class="form-control top" autofocus="autofocus" autocapitalize="off" autocorrect="off" required="required" title="This field is required." data-qa-selector="login_field" type="text" name="user[login]" id="user_login" />),cryptomining,coinblockerlists
</div>,coinminer domain(</div>),cryptomining,coinblockerlists
<div class="form-group">,coinminer domain(<div class="form-group">),cryptomining,coinblockerlists
<label class="label-bold" for="user_password">Password</label>,coinminer domain(<label class="label-bold" for="user_password">Password</label>),cryptomining,coinblockerlists
<input class="form-control bottom" required="required" title="This field is required." data-qa-selector="password_field" type="password" name="user[password]" id="user_password" />,coinminer domain(<input class="form-control bottom" required="required" title="This field is required." data-qa-selector="password_field" type="password" name="user[password]" id="user_password" />),cryptomining,coinblockerlists
</div>,coinminer domain(</div>),cryptomining,coinblockerlists
<div class="remember-me">,coinminer domain(<div class="remember-me">),cryptomining,coinblockerlists
<label for="user_remember_me">,coinminer domain(<label for="user_remember_me">),cryptomining,coinblockerlists
<input name="user[remember_me]" type="hidden" value="0" /><input class="remember-me-checkbox" type="checkbox" value="1" name="user[remember_me]" id="user_remember_me" />,coinminer domain(<input name="user[remember_me]" type="hidden" value="0" /><input class="remember-me-checkbox" type="checkbox" value="1" name="user[remember_me]" id="user_remember_me" />),cryptomining,coinblockerlists
<span>Remember me</span>,coinminer domain(<span>Remember me</span>),cryptomining,coinblockerlists
</label>,coinminer domain(</label>),cryptomining,coinblockerlists
<div class="float-right">,coinminer domain(<div class="float-right">),cryptomining,coinblockerlists
<a href="/users/password/new">Forgot your password?</a>,coinminer domain(<a href="/users/password/new">Forgot your password?</a>),cryptomining,coinblockerlists
</div>,coinminer domain(</div>),cryptomining,coinblockerlists
</div>,coinminer domain(</div>),cryptomining,coinblockerlists
<div></div>,coinminer domain(<div></div>),cryptomining,coinblockerlists
<div class="submit-container move-submit-down">,coinminer domain(<div class="submit-container move-submit-down">),cryptomining,coinblockerlists
<input type="submit" name="commit" value="Sign in" class="btn btn-success" data-qa-selector="sign_in_button" data-disable-with="Sign in" />,coinminer domain(<input type="submit" name="commit" value="Sign in" class="btn btn-success" data-qa-selector="sign_in_button" data-disable-with="Sign in" />),cryptomining,coinblockerlists
</div>,coinminer domain(</div>),cryptomining,coinblockerlists
</form>,coinminer domain(</form>),cryptomining,coinblockerlists
</div>,coinminer domain(</div>),cryptomining,coinblockerlists
</div>,coinminer domain(</div>),cryptomining,coinblockerlists
<p class="light mt-2">,coinminer domain(<p class="light mt-2">),cryptomining,coinblockerlists
Don&#39;t have an account yet?,coinminer domain(Don&#39;t have an account yet?),cryptomining,coinblockerlists
<a href="/users/sign_up">Register now</a>,coinminer domain(<a href="/users/sign_up">Register now</a>),cryptomining,coinblockerlists
</p>,coinminer domain(</p>),cryptomining,coinblockerlists
,coinminer domain(),cryptomining,coinblockerlists
<div class="tab-pane login-box" id="register-pane" role="tabpanel">,coinminer domain(<div class="tab-pane login-box" id="register-pane" role="tabpanel">),cryptomining,coinblockerlists
<div class="login-body">,coinminer domain(<div class="login-body">),cryptomining,coinblockerlists
<form class="new_new_user gl-show-field-errors" id="new_new_user" aria-live="assertive" action="/users" accept-charset="UTF-8" method="post"><input name="utf8" type="hidden" value="&#x2713;" /><input type="hidden" name="authenticity_token" value="dEwt0kRLmU3c/TRV/lOECVTECfJcIRBBC31g22y98p4YrfQgs0u7NxOyIFeQQXy6II5O5fncNMQAwUzVYkl5lQ==" /><div class="devise-errors">,coinminer domain(<form class="new_new_user gl-show-field-errors" id="new_new_user" aria-live="assertive" action="/users" accept-charset="UTF-8" method="post"><input name="utf8" type="hidden" value="&#x2713;" /><input type="hidden" name="authenticity_token" value="dEwt0kRLmU3c/TRV/lOECVTECfJcIRBBC31g22y98p4YrfQgs0u7NxOyIFeQQXy6II5O5fncNMQAwUzVYkl5lQ==" /><div class="devise-errors">),cryptomining,coinblockerlists
,coinminer domain(),cryptomining,coinblockerlists
</div>,coinminer domain(</div>),cryptomining,coinblockerlists
<div class="lastname_1580662928"><style media="screen">.lastname_1580662928 {position:absolute!important;height:1px;width:1px;overflow:hidden;}</style><label for="lastname">If you are human,coinminer domain(<div class="lastname_1580662928"><style media="screen">.lastname_1580662928 {position:absolute!important;height:1px;width:1px;overflow:hidden;}</style><label for="lastname">If you are human),cryptomining,coinblockerlists
<div class="name form-group">,coinminer domain(<div class="name form-group">),cryptomining,coinblockerlists
<label class="label-bold" for="new_user_name">Full name</label>,coinminer domain(<label class="label-bold" for="new_user_name">Full name</label>),cryptomining,coinblockerlists
<input class="form-control top js-block-emoji js-validate-length" data-max-length="255" data-max-length-message="Name is too long (maximum is 255 characters)." data-qa-selector="new_user_name_field" required="required" title="This field is required." type="text" name="new_user[name]" id="new_user_name" />,coinminer domain(<input class="form-control top js-block-emoji js-validate-length" data-max-length="255" data-max-length-message="Name is too long (maximum is 255 characters)." data-qa-selector="new_user_name_field" required="required" title="This field is required." type="text" name="new_user[name]" id="new_user_name" />),cryptomining,coinblockerlists
</div>,coinminer domain(</div>),cryptomining,coinblockerlists
<div class="username form-group">,coinminer domain(<div class="username form-group">),cryptomining,coinblockerlists
<label class="label-bold" for="new_user_username">Username</label>,coinminer domain(<label class="label-bold" for="new_user_username">Username</label>),cryptomining,coinblockerlists
<input class="form-control middle js-block-emoji js-validate-length js-validate-username" data-max-length="255" data-max-length-message="Username is too long (maximum is 255 characters)." data-qa-selector="new_user_username_field" pattern="[a-zA-Z0-9_\.][a-zA-Z0-9_\-\.]*[a-zA-Z0-9_\-]|[a-zA-Z0-9_]" required="required" title="Please create a username with only alphanumeric characters." type="text" name="new_user[username]" id="new_user_username" />,coinminer domain(<input class="form-control middle js-block-emoji js-validate-length js-validate-username" data-max-length="255" data-max-length-message="Username is too long (maximum is 255 characters)." data-qa-selector="new_user_username_field" pattern="[a-zA-Z0-9_\.][a-zA-Z0-9_\-\.]*[a-zA-Z0-9_\-]|[a-zA-Z0-9_]" required="required" title="Please create a username with only alphanumeric characters." type="text" name="new_user[username]" id="new_user_username" />),cryptomining,coinblockerlists
<p class="validation-error gl-field-error-ignore field-validation hide">Username is already taken.</p>,coinminer domain(<p class="validation-error gl-field-error-ignore field-validation hide">Username is already taken.</p>),cryptomining,coinblockerlists
<p class="validation-success gl-field-error-ignore field-validation hide">Username is available.</p>,coinminer domain(<p class="validation-success gl-field-error-ignore field-validation hide">Username is available.</p>),cryptomining,coinblockerlists
<p class="validation-pending gl-field-error-ignore field-validation hide">Checking username availability...</p>,coinminer domain(<p class="validation-pending gl-field-error-ignore field-validation hide">Checking username availability...</p>),cryptomining,coinblockerlists
</div>,coinminer domain(</div>),cryptomining,coinblockerlists
<div class="form-group">,coinminer domain(<div class="form-group">),cryptomining,coinblockerlists
<label class="label-bold" for="new_user_email">Email</label>,coinminer domain(<label class="label-bold" for="new_user_email">Email</label>),cryptomining,coinblockerlists
<input class="form-control middle" data-qa-selector="new_user_email_field" required="required" title="Please provide a valid email address." type="email" value="" name="new_user[email]" id="new_user_email" />,coinminer domain(<input class="form-control middle" data-qa-selector="new_user_email_field" required="required" title="Please provide a valid email address." type="email" value="" name="new_user[email]" id="new_user_email" />),cryptomining,coinblockerlists
</div>,coinminer domain(</div>),cryptomining,coinblockerlists
<div class="form-group">,coinminer domain(<div class="form-group">),cryptomining,coinblockerlists
<label class="label-bold" for="new_user_email_confirmation">Email confirmation</label>,coinminer domain(<label class="label-bold" for="new_user_email_confirmation">Email confirmation</label>),cryptomining,coinblockerlists
<input class="form-control middle" data-qa-selector="new_user_email_confirmation_field" required="required" title="Please retype the email address." type="email" name="new_user[email_confirmation]" id="new_user_email_confirmation" />,coinminer domain(<input class="form-control middle" data-qa-selector="new_user_email_confirmation_field" required="required" title="Please retype the email address." type="email" name="new_user[email_confirmation]" id="new_user_email_confirmation" />),cryptomining,coinblockerlists
</div>,coinminer domain(</div>),cryptomining,coinblockerlists
<div class="form-group append-bottom-20" id="password-strength">,coinminer domain(<div class="form-group append-bottom-20" id="password-strength">),cryptomining,coinblockerlists
<label class="label-bold" for="new_user_password">Password</label>,coinminer domain(<label class="label-bold" for="new_user_password">Password</label>),cryptomining,coinblockerlists
<input class="form-control bottom" data-qa-selector="new_user_password_field" required="required" pattern=".{8,coinminer domain(<input class="form-control bottom" data-qa-selector="new_user_password_field" required="required" pattern=".{8),cryptomining,coinblockerlists
<p class="gl-field-hint text-secondary">Minimum length is 8 characters</p>,coinminer domain(<p class="gl-field-hint text-secondary">Minimum length is 8 characters</p>),cryptomining,coinblockerlists
</div>,coinminer domain(</div>),cryptomining,coinblockerlists
<div class="form-group">,coinminer domain(<div class="form-group">),cryptomining,coinblockerlists
<input type="checkbox" name="terms_opt_in" id="terms_opt_in" value="1" required="required" data-qa-selector="new_user_accept_terms_checkbox" />,coinminer domain(<input type="checkbox" name="terms_opt_in" id="terms_opt_in" value="1" required="required" data-qa-selector="new_user_accept_terms_checkbox" />),cryptomining,coinblockerlists
<label for="terms_opt_in">I accept the <a target="_blank" href="/-/users/terms">Terms of Service and Privacy Policy</a>,coinminer domain(<label for="terms_opt_in">I accept the <a target="_blank" href="/-/users/terms">Terms of Service and Privacy Policy</a>),cryptomining,coinblockerlists
</label></div>,coinminer domain(</label></div>),cryptomining,coinblockerlists
<div class="form-group">,coinminer domain(<div class="form-group">),cryptomining,coinblockerlists
<input name="new_user[email_opted_in]" type="hidden" value="0" /><input type="checkbox" value="1" name="new_user[email_opted_in]" id="new_user_email_opted_in" />,coinminer domain(<input name="new_user[email_opted_in]" type="hidden" value="0" /><input type="checkbox" value="1" name="new_user[email_opted_in]" id="new_user_email_opted_in" />),cryptomining,coinblockerlists
<label for="new_user_email_opted_in">I&#39;d like to receive updates via email about GitLab.</label>,coinminer domain(<label for="new_user_email_opted_in">I&#39;d like to receive updates via email about GitLab.</label>),cryptomining,coinblockerlists
</div>,coinminer domain(</div>),cryptomining,coinblockerlists
,coinminer domain(),cryptomining,coinblockerlists
<div></div>,coinminer domain(<div></div>),cryptomining,coinblockerlists
<script src="https://www.google.com/recaptcha/api.js" async defer></script>,coinminer domain(<script src="https://www.google.com/recaptcha/api.js" async defer></script>),cryptomining,coinblockerlists
<div data-sitekey="6LfAERQTAAAAAL4GYSiAMGLbcLyUIBSfPrDNJgeC" class="g-recaptcha "></div>,coinminer domain(<div data-sitekey="6LfAERQTAAAAAL4GYSiAMGLbcLyUIBSfPrDNJgeC" class="g-recaptcha "></div>),cryptomining,coinblockerlists
          <noscript>,coinminer domain(          <noscript>),cryptomining,coinblockerlists
            <div>,coinminer domain(            <div>),cryptomining,coinblockerlists
              <div style="width: 302px; height: 422px; position: relative;">,coinminer domain(              <div style="width: 302px; height: 422px; position: relative;">),cryptomining,coinblockerlists
                <div style="width: 302px; height: 422px; position: absolute;">,coinminer domain(                <div style="width: 302px; height: 422px; position: absolute;">),cryptomining,coinblockerlists
                  <iframe,coinminer domain(                  <iframe),cryptomining,coinblockerlists
                    src="https://www.google.com/recaptcha/api/fallback?k=6LfAERQTAAAAAL4GYSiAMGLbcLyUIBSfPrDNJgeC",coinminer domain(                    src="https://www.google.com/recaptcha/api/fallback?k=6LfAERQTAAAAAL4GYSiAMGLbcLyUIBSfPrDNJgeC"),cryptomining,coinblockerlists
                    scrolling="no" name="ReCAPTCHA",coinminer domain(                    scrolling="no" name="ReCAPTCHA"),cryptomining,coinblockerlists
                    style="width: 302px; height: 422px; border-style: none; border: 0;">,coinminer domain(                    style="width: 302px; height: 422px; border-style: none; border: 0;">),cryptomining,coinblockerlists
                  </iframe>,coinminer domain(                  </iframe>),cryptomining,coinblockerlists
                </div>,coinminer domain(                </div>),cryptomining,coinblockerlists
              </div>,coinminer domain(              </div>),cryptomining,coinblockerlists
              <div style="width: 300px; height: 60px; border-style: none;,coinminer domain(              <div style="width: 300px; height: 60px; border-style: none;),cryptomining,coinblockerlists
                bottom: 12px; left: 25px; margin: 0px; padding: 0px; right: 25px;,coinminer domain(                bottom: 12px; left: 25px; margin: 0px; padding: 0px; right: 25px;),cryptomining,coinblockerlists
                background: #f9f9f9; border: 1px solid #c1c1c1; border-radius: 3px;">,coinminer domain(                background: #f9f9f9; border: 1px solid #c1c1c1; border-radius: 3px;">),cryptomining,coinblockerlists
                <textarea id="g-recaptcha-response" name="g-recaptcha-response",coinminer domain(                <textarea id="g-recaptcha-response" name="g-recaptcha-response"),cryptomining,coinblockerlists
                  class="g-recaptcha-response",coinminer domain(                  class="g-recaptcha-response"),cryptomining,coinblockerlists
                  style="width: 250px; height: 40px; border: 1px solid #c1c1c1;,coinminer domain(                  style="width: 250px; height: 40px; border: 1px solid #c1c1c1;),cryptomining,coinblockerlists
                  margin: 10px 25px; padding: 0px; resize: none;">,coinminer domain(                  margin: 10px 25px; padding: 0px; resize: none;">),cryptomining,coinblockerlists
                </textarea>,coinminer domain(                </textarea>),cryptomining,coinblockerlists
              </div>,coinminer domain(              </div>),cryptomining,coinblockerlists
            </div>,coinminer domain(            </div>),cryptomining,coinblockerlists
          </noscript>,coinminer domain(          </noscript>),cryptomining,coinblockerlists
,coinminer domain(),cryptomining,coinblockerlists
<div class="submit-container">,coinminer domain(<div class="submit-container">),cryptomining,coinblockerlists
<input type="submit" name="commit" value="Register" class="btn-register btn" data-qa-selector="new_user_register_button" data-disable-with="Register" />,coinminer domain(<input type="submit" name="commit" value="Register" class="btn-register btn" data-qa-selector="new_user_register_button" data-disable-with="Register" />),cryptomining,coinblockerlists
</div>,coinminer domain(</div>),cryptomining,coinblockerlists
</form></div>,coinminer domain(</form></div>),cryptomining,coinblockerlists
</div>,coinminer domain(</div>),cryptomining,coinblockerlists
,coinminer domain(),cryptomining,coinblockerlists
</div>,coinminer domain(</div>),cryptomining,coinblockerlists
<div class="clearfix">,coinminer domain(<div class="clearfix">),cryptomining,coinblockerlists
<div class="omniauth-container prepend-top-15">,coinminer domain(<div class="omniauth-container prepend-top-15">),cryptomining,coinblockerlists
<label class="label-bold d-block">,coinminer domain(<label class="label-bold d-block">),cryptomining,coinblockerlists
Sign in with,coinminer domain(Sign in with),cryptomining,coinblockerlists
</label>,coinminer domain(</label>),cryptomining,coinblockerlists
<div class="d-flex justify-content-between flex-wrap">,coinminer domain(<div class="d-flex justify-content-between flex-wrap">),cryptomining,coinblockerlists
<a class="btn d-flex align-items-center omniauth-btn text-left oauth-login " id="oauth-login-google_oauth2" rel="nofollow" data-method="post" href="/users/auth/google_oauth2"><img alt="Google" title="Sign in with Google" data-src="https://assets.gitlab-static.net/assets/auth_buttons/google_64-9ab7462cd2115e11f80171018d8c39bd493fc375e83202fbb6d37a487ad01908.png" class="lazy" src="data:image/gif;base64,coinminer domain(<a class="btn d-flex align-items-center omniauth-btn text-left oauth-login " id="oauth-login-google_oauth2" rel="nofollow" data-method="post" href="/users/auth/google_oauth2"><img alt="Google" title="Sign in with Google" data-src="https://assets.gitlab-static.net/assets/auth_buttons/google_64-9ab7462cd2115e11f80171018d8c39bd493fc375e83202fbb6d37a487ad01908.png" class="lazy" src="data:image/gif;base64),cryptomining,coinblockerlists
<span>,coinminer domain(<span>),cryptomining,coinblockerlists
Google,coinminer domain(Google),cryptomining,coinblockerlists
</span>,coinminer domain(</span>),cryptomining,coinblockerlists
</a><a class="btn d-flex align-items-center omniauth-btn text-left oauth-login qa-github-login-button" id="oauth-login-github" rel="nofollow" data-method="post" href="/users/auth/github"><img alt="GitHub" title="Sign in with GitHub" data-src="https://assets.gitlab-static.net/assets/auth_buttons/github_64-84041cd0ea392220da96f0fb9b9473c08485c4924b98c776be1bd33b0daab8c0.png" class="lazy" src="data:image/gif;base64,coinminer domain(</a><a class="btn d-flex align-items-center omniauth-btn text-left oauth-login qa-github-login-button" id="oauth-login-github" rel="nofollow" data-method="post" href="/users/auth/github"><img alt="GitHub" title="Sign in with GitHub" data-src="https://assets.gitlab-static.net/assets/auth_buttons/github_64-84041cd0ea392220da96f0fb9b9473c08485c4924b98c776be1bd33b0daab8c0.png" class="lazy" src="data:image/gif;base64),cryptomining,coinblockerlists
<span>,coinminer domain(<span>),cryptomining,coinblockerlists
GitHub,coinminer domain(GitHub),cryptomining,coinblockerlists
</span>,coinminer domain(</span>),cryptomining,coinblockerlists
</a><a class="btn d-flex align-items-center omniauth-btn text-left oauth-login " id="oauth-login-twitter" rel="nofollow" data-method="post" href="/users/auth/twitter"><img alt="Twitter" title="Sign in with Twitter" data-src="https://assets.gitlab-static.net/assets/auth_buttons/twitter_64-86860edb139fb2f62fc25ef62a4213a5c8b20122fd8752ab0df09e740eb53deb.png" class="lazy" src="data:image/gif;base64,coinminer domain(</a><a class="btn d-flex align-items-center omniauth-btn text-left oauth-login " id="oauth-login-twitter" rel="nofollow" data-method="post" href="/users/auth/twitter"><img alt="Twitter" title="Sign in with Twitter" data-src="https://assets.gitlab-static.net/assets/auth_buttons/twitter_64-86860edb139fb2f62fc25ef62a4213a5c8b20122fd8752ab0df09e740eb53deb.png" class="lazy" src="data:image/gif;base64),cryptomining,coinblockerlists
<span>,coinminer domain(<span>),cryptomining,coinblockerlists
Twitter,coinminer domain(Twitter),cryptomining,coinblockerlists
</span>,coinminer domain(</span>),cryptomining,coinblockerlists
</a><a class="btn d-flex align-items-center omniauth-btn text-left oauth-login " id="oauth-login-bitbucket" rel="nofollow" data-method="post" href="/users/auth/bitbucket"><img alt="Bitbucket" title="Sign in with Bitbucket" data-src="https://assets.gitlab-static.net/assets/auth_buttons/bitbucket_64-267f322b8bedf1a39970bc215a2eb9e862c8c8033ff2390840607cb0e2dd0daf.png" class="lazy" src="data:image/gif;base64,coinminer domain(</a><a class="btn d-flex align-items-center omniauth-btn text-left oauth-login " id="oauth-login-bitbucket" rel="nofollow" data-method="post" href="/users/auth/bitbucket"><img alt="Bitbucket" title="Sign in with Bitbucket" data-src="https://assets.gitlab-static.net/assets/auth_buttons/bitbucket_64-267f322b8bedf1a39970bc215a2eb9e862c8c8033ff2390840607cb0e2dd0daf.png" class="lazy" src="data:image/gif;base64),cryptomining,coinblockerlists
<span>,coinminer domain(<span>),cryptomining,coinblockerlists
Bitbucket,coinminer domain(Bitbucket),cryptomining,coinblockerlists
</span>,coinminer domain(</span>),cryptomining,coinblockerlists
</a><a class="btn d-flex align-items-center omniauth-btn text-left oauth-login " id="oauth-login-salesforce" rel="nofollow" data-method="post" href="/users/auth/salesforce"><img alt="Salesforce" title="Sign in with Salesforce" data-src="https://assets.gitlab-static.net/assets/auth_buttons/salesforce_64-3f0cb95b231cc615e09bb96d54ccaf562d729b21f255270e03d98b17466bd61f.png" class="lazy" src="data:image/gif;base64,coinminer domain(</a><a class="btn d-flex align-items-center omniauth-btn text-left oauth-login " id="oauth-login-salesforce" rel="nofollow" data-method="post" href="/users/auth/salesforce"><img alt="Salesforce" title="Sign in with Salesforce" data-src="https://assets.gitlab-static.net/assets/auth_buttons/salesforce_64-3f0cb95b231cc615e09bb96d54ccaf562d729b21f255270e03d98b17466bd61f.png" class="lazy" src="data:image/gif;base64),cryptomining,coinblockerlists
<span>,coinminer domain(<span>),cryptomining,coinblockerlists
Salesforce,coinminer domain(Salesforce),cryptomining,coinblockerlists
</span>,coinminer domain(</span>),cryptomining,coinblockerlists
</a></div>,coinminer domain(</a></div>),cryptomining,coinblockerlists
<fieldset class="remember-me">,coinminer domain(<fieldset class="remember-me">),cryptomining,coinblockerlists
<label>,coinminer domain(<label>),cryptomining,coinblockerlists
<input type="checkbox" name="remember_me" id="remember_me" class="remember-me-checkbox" />,coinminer domain(<input type="checkbox" name="remember_me" id="remember_me" class="remember-me-checkbox" />),cryptomining,coinblockerlists
<span>,coinminer domain(<span>),cryptomining,coinblockerlists
Remember me,coinminer domain(Remember me),cryptomining,coinblockerlists
</span>,coinminer domain(</span>),cryptomining,coinblockerlists
</label>,coinminer domain(</label>),cryptomining,coinblockerlists
</fieldset>,coinminer domain(</fieldset>),cryptomining,coinblockerlists
</div>,coinminer domain(</div>),cryptomining,coinblockerlists
,coinminer domain(),cryptomining,coinblockerlists
</div>,coinminer domain(</div>),cryptomining,coinblockerlists
</div>,coinminer domain(</div>),cryptomining,coinblockerlists
,coinminer domain(),cryptomining,coinblockerlists
</div>,coinminer domain(</div>),cryptomining,coinblockerlists
</div>,coinminer domain(</div>),cryptomining,coinblockerlists
</div>,coinminer domain(</div>),cryptomining,coinblockerlists
</div>,coinminer domain(</div>),cryptomining,coinblockerlists
<hr class="footer-fixed">,coinminer domain(<hr class="footer-fixed">),cryptomining,coinblockerlists
<div class="container footer-container">,coinminer domain(<div class="container footer-container">),cryptomining,coinblockerlists
<div class="footer-links">,coinminer domain(<div class="footer-links">),cryptomining,coinblockerlists
<a href="/explore">Explore</a>,coinminer domain(<a href="/explore">Explore</a>),cryptomining,coinblockerlists
<a href="/help">Help</a>,coinminer domain(<a href="/help">Help</a>),cryptomining,coinblockerlists
<a href="https://about.gitlab.com/">About GitLab</a>,coinminer domain(<a href="https://about.gitlab.com/">About GitLab</a>),cryptomining,coinblockerlists
</div>,coinminer domain(</div>),cryptomining,coinblockerlists
</div>,coinminer domain(</div>),cryptomining,coinblockerlists
,coinminer domain(),cryptomining,coinblockerlists
</div>,coinminer domain(</div>),cryptomining,coinblockerlists
</body>,coinminer domain(</body>),cryptomining,coinblockerlists
</html>,coinminer domain(</html>),cryptomining,coinblockerlists
