194.150.168.168,public dns server ip(194.150.168.168),public_dns,public_dns_info
4.2.2.1,public dns server ip(4.2.2.1),public_dns,public_dns_info
80.67.169.40,public dns server ip(80.67.169.40),public_dns,public_dns_info
216.17.128.1,public dns server ip(216.17.128.1),public_dns,public_dns_info
64.119.80.100,public dns server ip(64.119.80.100),public_dns,public_dns_info
2001:910:800::40,public dns server ip(2001:910:800::40),public_dns,public_dns_info
64.119.60.5,public dns server ip(64.119.60.5),public_dns,public_dns_info
64.119.60.9,public dns server ip(64.119.60.9),public_dns,public_dns_info
206.253.33.130,public dns server ip(206.253.33.130),public_dns,public_dns_info
193.251.169.83,public dns server ip(193.251.169.83),public_dns,public_dns_info
194.145.240.6,public dns server ip(194.145.240.6),public_dns,public_dns_info
194.145.241.6,public dns server ip(194.145.241.6),public_dns,public_dns_info
213.209.122.11,public dns server ip(213.209.122.11),public_dns,public_dns_info
84.8.2.11,public dns server ip(84.8.2.11),public_dns,public_dns_info
205.134.162.209,public dns server ip(205.134.162.209),public_dns,public_dns_info
206.165.6.11,public dns server ip(206.165.6.11),public_dns,public_dns_info
85.185.67.178,public dns server ip(85.185.67.178),public_dns,public_dns_info
203.176.144.20,public dns server ip(203.176.144.20),public_dns,public_dns_info
200.99.138.100,public dns server ip(200.99.138.100),public_dns,public_dns_info
200.99.138.103,public dns server ip(200.99.138.103),public_dns,public_dns_info
200.99.138.94,public dns server ip(200.99.138.94),public_dns,public_dns_info
83.240.158.216,public dns server ip(83.240.158.216),public_dns,public_dns_info
177.69.12.241,public dns server ip(177.69.12.241),public_dns,public_dns_info
177.52.232.7,public dns server ip(177.52.232.7),public_dns,public_dns_info
194.79.63.106,public dns server ip(194.79.63.106),public_dns,public_dns_info
118.163.97.242,public dns server ip(118.163.97.242),public_dns,public_dns_info
175.209.34.150,public dns server ip(175.209.34.150),public_dns,public_dns_info
82.176.120.1,public dns server ip(82.176.120.1),public_dns,public_dns_info
59.124.12.85,public dns server ip(59.124.12.85),public_dns,public_dns_info
195.234.236.241,public dns server ip(195.234.236.241),public_dns,public_dns_info
185.11.244.219,public dns server ip(185.11.244.219),public_dns,public_dns_info
203.121.182.200,public dns server ip(203.121.182.200),public_dns,public_dns_info
81.145.166.10,public dns server ip(81.145.166.10),public_dns,public_dns_info
37.152.45.194,public dns server ip(37.152.45.194),public_dns,public_dns_info
121.138.79.60,public dns server ip(121.138.79.60),public_dns,public_dns_info
81.15.218.48,public dns server ip(81.15.218.48),public_dns,public_dns_info
91.203.177.216,public dns server ip(91.203.177.216),public_dns,public_dns_info
58.64.188.188,public dns server ip(58.64.188.188),public_dns,public_dns_info
211.20.63.15,public dns server ip(211.20.63.15),public_dns,public_dns_info
201.151.190.138,public dns server ip(201.151.190.138),public_dns,public_dns_info
195.138.65.162,public dns server ip(195.138.65.162),public_dns,public_dns_info
31.148.115.159,public dns server ip(31.148.115.159),public_dns,public_dns_info
85.30.174.198,public dns server ip(85.30.174.198),public_dns,public_dns_info
178.151.87.129,public dns server ip(178.151.87.129),public_dns,public_dns_info
61.96.206.2,public dns server ip(61.96.206.2),public_dns,public_dns_info
95.253.62.58,public dns server ip(95.253.62.58),public_dns,public_dns_info
69.18.99.19,public dns server ip(69.18.99.19),public_dns,public_dns_info
208.118.89.10,public dns server ip(208.118.89.10),public_dns,public_dns_info
206.125.47.220,public dns server ip(206.125.47.220),public_dns,public_dns_info
186.237.202.26,public dns server ip(186.237.202.26),public_dns,public_dns_info
93.115.175.121,public dns server ip(93.115.175.121),public_dns,public_dns_info
188.94.136.146,public dns server ip(188.94.136.146),public_dns,public_dns_info
206.126.209.70,public dns server ip(206.126.209.70),public_dns,public_dns_info
94.101.220.37,public dns server ip(94.101.220.37),public_dns,public_dns_info
31.135.16.194,public dns server ip(31.135.16.194),public_dns,public_dns_info
124.41.68.144,public dns server ip(124.41.68.144),public_dns,public_dns_info
67.250.45.152,public dns server ip(67.250.45.152),public_dns,public_dns_info
80.243.170.25,public dns server ip(80.243.170.25),public_dns,public_dns_info
210.227.148.98,public dns server ip(210.227.148.98),public_dns,public_dns_info
212.199.181.218,public dns server ip(212.199.181.218),public_dns,public_dns_info
201.248.73.233,public dns server ip(201.248.73.233),public_dns,public_dns_info
80.178.170.176,public dns server ip(80.178.170.176),public_dns,public_dns_info
200.13.251.84,public dns server ip(200.13.251.84),public_dns,public_dns_info
190.105.226.147,public dns server ip(190.105.226.147),public_dns,public_dns_info
194.225.152.10,public dns server ip(194.225.152.10),public_dns,public_dns_info
202.89.125.8,public dns server ip(202.89.125.8),public_dns,public_dns_info
95.97.151.66,public dns server ip(95.97.151.66),public_dns,public_dns_info
184.105.245.165,public dns server ip(184.105.245.165),public_dns,public_dns_info
213.146.201.214,public dns server ip(213.146.201.214),public_dns,public_dns_info
91.208.138.37,public dns server ip(91.208.138.37),public_dns,public_dns_info
211.9.57.17,public dns server ip(211.9.57.17),public_dns,public_dns_info
216.239.34.40,public dns server ip(216.239.34.40),public_dns,public_dns_info
95.83.244.117,public dns server ip(95.83.244.117),public_dns,public_dns_info
195.77.203.194,public dns server ip(195.77.203.194),public_dns,public_dns_info
164.77.129.37,public dns server ip(164.77.129.37),public_dns,public_dns_info
37.128.169.249,public dns server ip(37.128.169.249),public_dns,public_dns_info
194.132.22.153,public dns server ip(194.132.22.153),public_dns,public_dns_info
222.236.47.87,public dns server ip(222.236.47.87),public_dns,public_dns_info
46.183.183.74,public dns server ip(46.183.183.74),public_dns,public_dns_info
195.53.69.133,public dns server ip(195.53.69.133),public_dns,public_dns_info
194.242.114.213,public dns server ip(194.242.114.213),public_dns,public_dns_info
195.128.183.90,public dns server ip(195.128.183.90),public_dns,public_dns_info
81.9.21.142,public dns server ip(81.9.21.142),public_dns,public_dns_info
177.43.56.139,public dns server ip(177.43.56.139),public_dns,public_dns_info
202.130.119.158,public dns server ip(202.130.119.158),public_dns,public_dns_info
118.238.28.66,public dns server ip(118.238.28.66),public_dns,public_dns_info
74.91.25.91,public dns server ip(74.91.25.91),public_dns,public_dns_info
193.26.23.150,public dns server ip(193.26.23.150),public_dns,public_dns_info
200.169.254.19,public dns server ip(200.169.254.19),public_dns,public_dns_info
210.63.146.133,public dns server ip(210.63.146.133),public_dns,public_dns_info
59.25.171.6,public dns server ip(59.25.171.6),public_dns,public_dns_info
131.72.229.1,public dns server ip(131.72.229.1),public_dns,public_dns_info
77.89.232.86,public dns server ip(77.89.232.86),public_dns,public_dns_info
89.135.121.97,public dns server ip(89.135.121.97),public_dns,public_dns_info
178.151.197.24,public dns server ip(178.151.197.24),public_dns,public_dns_info
62.154.214.86,public dns server ip(62.154.214.86),public_dns,public_dns_info
46.186.108.11,public dns server ip(46.186.108.11),public_dns,public_dns_info
195.29.138.116,public dns server ip(195.29.138.116),public_dns,public_dns_info
108.166.183.219,public dns server ip(108.166.183.219),public_dns,public_dns_info
91.82.119.33,public dns server ip(91.82.119.33),public_dns,public_dns_info
61.80.244.143,public dns server ip(61.80.244.143),public_dns,public_dns_info
86.124.83.220,public dns server ip(86.124.83.220),public_dns,public_dns_info
201.158.247.220,public dns server ip(201.158.247.220),public_dns,public_dns_info
200.75.8.110,public dns server ip(200.75.8.110),public_dns,public_dns_info
211.239.127.57,public dns server ip(211.239.127.57),public_dns,public_dns_info
128.163.252.50,public dns server ip(128.163.252.50),public_dns,public_dns_info
203.231.200.1,public dns server ip(203.231.200.1),public_dns,public_dns_info
211.195.214.13,public dns server ip(211.195.214.13),public_dns,public_dns_info
199.189.230.170,public dns server ip(199.189.230.170),public_dns,public_dns_info
81.7.77.154,public dns server ip(81.7.77.154),public_dns,public_dns_info
106.246.5.149,public dns server ip(106.246.5.149),public_dns,public_dns_info
158.255.242.201,public dns server ip(158.255.242.201),public_dns,public_dns_info
163.17.226.200,public dns server ip(163.17.226.200),public_dns,public_dns_info
91.241.35.9,public dns server ip(91.241.35.9),public_dns,public_dns_info
89.186.105.96,public dns server ip(89.186.105.96),public_dns,public_dns_info
190.145.94.242,public dns server ip(190.145.94.242),public_dns,public_dns_info
200.185.113.202,public dns server ip(200.185.113.202),public_dns,public_dns_info
211.75.128.2,public dns server ip(211.75.128.2),public_dns,public_dns_info
191.102.56.57,public dns server ip(191.102.56.57),public_dns,public_dns_info
59.120.244.149,public dns server ip(59.120.244.149),public_dns,public_dns_info
60.248.173.66,public dns server ip(60.248.173.66),public_dns,public_dns_info
211.239.157.165,public dns server ip(211.239.157.165),public_dns,public_dns_info
114.31.251.190,public dns server ip(114.31.251.190),public_dns,public_dns_info
222.122.198.92,public dns server ip(222.122.198.92),public_dns,public_dns_info
61.120.110.205,public dns server ip(61.120.110.205),public_dns,public_dns_info
135.196.24.234,public dns server ip(135.196.24.234),public_dns,public_dns_info
210.196.202.219,public dns server ip(210.196.202.219),public_dns,public_dns_info
186.151.183.185,public dns server ip(186.151.183.185),public_dns,public_dns_info
82.153.92.130,public dns server ip(82.153.92.130),public_dns,public_dns_info
78.109.172.106,public dns server ip(78.109.172.106),public_dns,public_dns_info
213.160.135.138,public dns server ip(213.160.135.138),public_dns,public_dns_info
202.212.92.135,public dns server ip(202.212.92.135),public_dns,public_dns_info
59.148.214.44,public dns server ip(59.148.214.44),public_dns,public_dns_info
211.5.211.194,public dns server ip(211.5.211.194),public_dns,public_dns_info
71.216.56.142,public dns server ip(71.216.56.142),public_dns,public_dns_info
210.230.193.68,public dns server ip(210.230.193.68),public_dns,public_dns_info
199.255.95.193,public dns server ip(199.255.95.193),public_dns,public_dns_info
50.194.130.97,public dns server ip(50.194.130.97),public_dns,public_dns_info
211.245.162.12,public dns server ip(211.245.162.12),public_dns,public_dns_info
213.229.173.4,public dns server ip(213.229.173.4),public_dns,public_dns_info
218.223.195.34,public dns server ip(218.223.195.34),public_dns,public_dns_info
50.122.215.3,public dns server ip(50.122.215.3),public_dns,public_dns_info
50.122.215.100,public dns server ip(50.122.215.100),public_dns,public_dns_info
50.122.215.82,public dns server ip(50.122.215.82),public_dns,public_dns_info
91.185.3.50,public dns server ip(91.185.3.50),public_dns,public_dns_info
211.193.163.251,public dns server ip(211.193.163.251),public_dns,public_dns_info
202.213.33.133,public dns server ip(202.213.33.133),public_dns,public_dns_info
203.211.139.65,public dns server ip(203.211.139.65),public_dns,public_dns_info
193.227.36.42,public dns server ip(193.227.36.42),public_dns,public_dns_info
211.5.216.226,public dns server ip(211.5.216.226),public_dns,public_dns_info
213.208.132.102,public dns server ip(213.208.132.102),public_dns,public_dns_info
213.127.215.235,public dns server ip(213.127.215.235),public_dns,public_dns_info
200.178.216.67,public dns server ip(200.178.216.67),public_dns,public_dns_info
210.249.84.52,public dns server ip(210.249.84.52),public_dns,public_dns_info
218.222.210.98,public dns server ip(218.222.210.98),public_dns,public_dns_info
200.252.235.20,public dns server ip(200.252.235.20),public_dns,public_dns_info
203.233.205.33,public dns server ip(203.233.205.33),public_dns,public_dns_info
213.127.215.234,public dns server ip(213.127.215.234),public_dns,public_dns_info
200.54.246.14,public dns server ip(200.54.246.14),public_dns,public_dns_info
218.151.253.131,public dns server ip(218.151.253.131),public_dns,public_dns_info
37.157.225.212,public dns server ip(37.157.225.212),public_dns,public_dns_info
114.108.145.171,public dns server ip(114.108.145.171),public_dns,public_dns_info
211.195.214.10,public dns server ip(211.195.214.10),public_dns,public_dns_info
60.32.99.122,public dns server ip(60.32.99.122),public_dns,public_dns_info
199.101.81.97,public dns server ip(199.101.81.97),public_dns,public_dns_info
178.32.189.84,public dns server ip(178.32.189.84),public_dns,public_dns_info
210.255.107.233,public dns server ip(210.255.107.233),public_dns,public_dns_info
210.230.221.122,public dns server ip(210.230.221.122),public_dns,public_dns_info
173.246.61.58,public dns server ip(173.246.61.58),public_dns,public_dns_info
109.199.27.195,public dns server ip(109.199.27.195),public_dns,public_dns_info
216.75.92.29,public dns server ip(216.75.92.29),public_dns,public_dns_info
59.125.158.164,public dns server ip(59.125.158.164),public_dns,public_dns_info
46.105.244.78,public dns server ip(46.105.244.78),public_dns,public_dns_info
178.32.189.85,public dns server ip(178.32.189.85),public_dns,public_dns_info
218.234.23.21,public dns server ip(218.234.23.21),public_dns,public_dns_info
109.199.27.193,public dns server ip(109.199.27.193),public_dns,public_dns_info
200.179.97.194,public dns server ip(200.179.97.194),public_dns,public_dns_info
59.124.115.19,public dns server ip(59.124.115.19),public_dns,public_dns_info
81.94.195.154,public dns server ip(81.94.195.154),public_dns,public_dns_info
123.142.124.146,public dns server ip(123.142.124.146),public_dns,public_dns_info
190.248.156.2,public dns server ip(190.248.156.2),public_dns,public_dns_info
210.232.97.146,public dns server ip(210.232.97.146),public_dns,public_dns_info
216.240.176.187,public dns server ip(216.240.176.187),public_dns,public_dns_info
118.163.52.143,public dns server ip(118.163.52.143),public_dns,public_dns_info
62.69.212.185,public dns server ip(62.69.212.185),public_dns,public_dns_info
203.251.81.38,public dns server ip(203.251.81.38),public_dns,public_dns_info
212.178.67.170,public dns server ip(212.178.67.170),public_dns,public_dns_info
82.160.79.32,public dns server ip(82.160.79.32),public_dns,public_dns_info
168.187.234.58,public dns server ip(168.187.234.58),public_dns,public_dns_info
190.85.181.156,public dns server ip(190.85.181.156),public_dns,public_dns_info
163.22.21.127,public dns server ip(163.22.21.127),public_dns,public_dns_info
195.66.139.23,public dns server ip(195.66.139.23),public_dns,public_dns_info
211.33.121.235,public dns server ip(211.33.121.235),public_dns,public_dns_info
207.177.83.1,public dns server ip(207.177.83.1),public_dns,public_dns_info
213.125.105.234,public dns server ip(213.125.105.234),public_dns,public_dns_info
177.69.96.187,public dns server ip(177.69.96.187),public_dns,public_dns_info
104.36.237.205,public dns server ip(104.36.237.205),public_dns,public_dns_info
211.25.225.93,public dns server ip(211.25.225.93),public_dns,public_dns_info
103.9.12.5,public dns server ip(103.9.12.5),public_dns,public_dns_info
209.183.131.163,public dns server ip(209.183.131.163),public_dns,public_dns_info
203.73.253.1,public dns server ip(203.73.253.1),public_dns,public_dns_info
93.181.224.243,public dns server ip(93.181.224.243),public_dns,public_dns_info
60.249.23.230,public dns server ip(60.249.23.230),public_dns,public_dns_info
88.208.210.185,public dns server ip(88.208.210.185),public_dns,public_dns_info
213.74.5.205,public dns server ip(213.74.5.205),public_dns,public_dns_info
59.125.138.151,public dns server ip(59.125.138.151),public_dns,public_dns_info
202.68.226.36,public dns server ip(202.68.226.36),public_dns,public_dns_info
208.187.165.158,public dns server ip(208.187.165.158),public_dns,public_dns_info
204.16.88.250,public dns server ip(204.16.88.250),public_dns,public_dns_info
72.45.32.151,public dns server ip(72.45.32.151),public_dns,public_dns_info
46.228.93.118,public dns server ip(46.228.93.118),public_dns,public_dns_info
220.132.153.185,public dns server ip(220.132.153.185),public_dns,public_dns_info
75.148.88.28,public dns server ip(75.148.88.28),public_dns,public_dns_info
219.124.87.68,public dns server ip(219.124.87.68),public_dns,public_dns_info
81.15.172.252,public dns server ip(81.15.172.252),public_dns,public_dns_info
212.244.112.48,public dns server ip(212.244.112.48),public_dns,public_dns_info
223.197.254.24,public dns server ip(223.197.254.24),public_dns,public_dns_info
203.85.45.24,public dns server ip(203.85.45.24),public_dns,public_dns_info
203.157.133.2,public dns server ip(203.157.133.2),public_dns,public_dns_info
203.85.45.131,public dns server ip(203.85.45.131),public_dns,public_dns_info
203.85.45.20,public dns server ip(203.85.45.20),public_dns,public_dns_info
203.250.207.55,public dns server ip(203.250.207.55),public_dns,public_dns_info
203.85.45.26,public dns server ip(203.85.45.26),public_dns,public_dns_info
121.52.146.56,public dns server ip(121.52.146.56),public_dns,public_dns_info
103.28.37.218,public dns server ip(103.28.37.218),public_dns,public_dns_info
81.183.225.147,public dns server ip(81.183.225.147),public_dns,public_dns_info
217.219.115.147,public dns server ip(217.219.115.147),public_dns,public_dns_info
88.119.196.89,public dns server ip(88.119.196.89),public_dns,public_dns_info
201.20.36.29,public dns server ip(201.20.36.29),public_dns,public_dns_info
89.37.192.8,public dns server ip(89.37.192.8),public_dns,public_dns_info
217.68.21.207,public dns server ip(217.68.21.207),public_dns,public_dns_info
195.20.154.230,public dns server ip(195.20.154.230),public_dns,public_dns_info
194.78.225.178,public dns server ip(194.78.225.178),public_dns,public_dns_info
193.78.199.226,public dns server ip(193.78.199.226),public_dns,public_dns_info
216.0.113.242,public dns server ip(216.0.113.242),public_dns,public_dns_info
109.228.19.65,public dns server ip(109.228.19.65),public_dns,public_dns_info
200.150.79.85,public dns server ip(200.150.79.85),public_dns,public_dns_info
188.43.2.139,public dns server ip(188.43.2.139),public_dns,public_dns_info
113.196.108.5,public dns server ip(113.196.108.5),public_dns,public_dns_info
202.78.64.84,public dns server ip(202.78.64.84),public_dns,public_dns_info
210.222.176.66,public dns server ip(210.222.176.66),public_dns,public_dns_info
109.86.222.35,public dns server ip(109.86.222.35),public_dns,public_dns_info
202.78.64.83,public dns server ip(202.78.64.83),public_dns,public_dns_info
203.45.62.10,public dns server ip(203.45.62.10),public_dns,public_dns_info
64.111.22.40,public dns server ip(64.111.22.40),public_dns,public_dns_info
60.248.248.80,public dns server ip(60.248.248.80),public_dns,public_dns_info
64.111.22.36,public dns server ip(64.111.22.36),public_dns,public_dns_info
188.121.2.74,public dns server ip(188.121.2.74),public_dns,public_dns_info
61.93.207.118,public dns server ip(61.93.207.118),public_dns,public_dns_info
219.117.237.252,public dns server ip(219.117.237.252),public_dns,public_dns_info
198.190.61.1,public dns server ip(198.190.61.1),public_dns,public_dns_info
189.124.138.68,public dns server ip(189.124.138.68),public_dns,public_dns_info
50.122.216.177,public dns server ip(50.122.216.177),public_dns,public_dns_info
60.250.82.24,public dns server ip(60.250.82.24),public_dns,public_dns_info
197.189.234.82,public dns server ip(197.189.234.82),public_dns,public_dns_info
95.154.54.60,public dns server ip(95.154.54.60),public_dns,public_dns_info
165.234.1.2,public dns server ip(165.234.1.2),public_dns,public_dns_info
207.69.188.103,public dns server ip(207.69.188.103),public_dns,public_dns_info
50.122.216.158,public dns server ip(50.122.216.158),public_dns,public_dns_info
60.248.165.89,public dns server ip(60.248.165.89),public_dns,public_dns_info
50.122.216.239,public dns server ip(50.122.216.239),public_dns,public_dns_info
119.247.170.22,public dns server ip(119.247.170.22),public_dns,public_dns_info
211.5.219.81,public dns server ip(211.5.219.81),public_dns,public_dns_info
70.60.230.225,public dns server ip(70.60.230.225),public_dns,public_dns_info
200.99.138.104,public dns server ip(200.99.138.104),public_dns,public_dns_info
177.12.230.174,public dns server ip(177.12.230.174),public_dns,public_dns_info
114.179.13.90,public dns server ip(114.179.13.90),public_dns,public_dns_info
200.99.138.13,public dns server ip(200.99.138.13),public_dns,public_dns_info
103.30.232.32,public dns server ip(103.30.232.32),public_dns,public_dns_info
62.99.77.54,public dns server ip(62.99.77.54),public_dns,public_dns_info
212.227.83.183,public dns server ip(212.227.83.183),public_dns,public_dns_info
190.149.224.77,public dns server ip(190.149.224.77),public_dns,public_dns_info
125.227.243.158,public dns server ip(125.227.243.158),public_dns,public_dns_info
60.199.250.228,public dns server ip(60.199.250.228),public_dns,public_dns_info
195.60.190.84,public dns server ip(195.60.190.84),public_dns,public_dns_info
200.32.4.187,public dns server ip(200.32.4.187),public_dns,public_dns_info
82.144.67.199,public dns server ip(82.144.67.199),public_dns,public_dns_info
91.229.232.174,public dns server ip(91.229.232.174),public_dns,public_dns_info
67.21.165.18,public dns server ip(67.21.165.18),public_dns,public_dns_info
91.229.232.216,public dns server ip(91.229.232.216),public_dns,public_dns_info
210.238.188.139,public dns server ip(210.238.188.139),public_dns,public_dns_info
162.255.250.117,public dns server ip(162.255.250.117),public_dns,public_dns_info
91.229.232.218,public dns server ip(91.229.232.218),public_dns,public_dns_info
207.42.135.126,public dns server ip(207.42.135.126),public_dns,public_dns_info
91.229.232.213,public dns server ip(91.229.232.213),public_dns,public_dns_info
184.71.19.126,public dns server ip(184.71.19.126),public_dns,public_dns_info
72.11.218.10,public dns server ip(72.11.218.10),public_dns,public_dns_info
59.148.214.148,public dns server ip(59.148.214.148),public_dns,public_dns_info
180.214.95.89,public dns server ip(180.214.95.89),public_dns,public_dns_info
189.89.165.114,public dns server ip(189.89.165.114),public_dns,public_dns_info
200.217.5.171,public dns server ip(200.217.5.171),public_dns,public_dns_info
82.135.221.203,public dns server ip(82.135.221.203),public_dns,public_dns_info
89.171.68.66,public dns server ip(89.171.68.66),public_dns,public_dns_info
124.137.207.115,public dns server ip(124.137.207.115),public_dns,public_dns_info
31.221.59.218,public dns server ip(31.221.59.218),public_dns,public_dns_info
200.80.52.204,public dns server ip(200.80.52.204),public_dns,public_dns_info
200.80.52.15,public dns server ip(200.80.52.15),public_dns,public_dns_info
210.61.2.99,public dns server ip(210.61.2.99),public_dns,public_dns_info
187.210.123.45,public dns server ip(187.210.123.45),public_dns,public_dns_info
210.65.11.14,public dns server ip(210.65.11.14),public_dns,public_dns_info
89.197.7.74,public dns server ip(89.197.7.74),public_dns,public_dns_info
121.157.116.150,public dns server ip(121.157.116.150),public_dns,public_dns_info
120.151.16.172,public dns server ip(120.151.16.172),public_dns,public_dns_info
87.234.222.68,public dns server ip(87.234.222.68),public_dns,public_dns_info
195.83.228.1,public dns server ip(195.83.228.1),public_dns,public_dns_info
80.245.113.230,public dns server ip(80.245.113.230),public_dns,public_dns_info
170.215.79.233,public dns server ip(170.215.79.233),public_dns,public_dns_info
200.205.44.154,public dns server ip(200.205.44.154),public_dns,public_dns_info
81.95.112.72,public dns server ip(81.95.112.72),public_dns,public_dns_info
88.208.219.144,public dns server ip(88.208.219.144),public_dns,public_dns_info
62.60.136.158,public dns server ip(62.60.136.158),public_dns,public_dns_info
190.124.166.8,public dns server ip(190.124.166.8),public_dns,public_dns_info
210.65.10.56,public dns server ip(210.65.10.56),public_dns,public_dns_info
210.178.36.2,public dns server ip(210.178.36.2),public_dns,public_dns_info
190.56.166.93,public dns server ip(190.56.166.93),public_dns,public_dns_info
190.92.37.155,public dns server ip(190.92.37.155),public_dns,public_dns_info
208.106.251.232,public dns server ip(208.106.251.232),public_dns,public_dns_info
46.8.127.89,public dns server ip(46.8.127.89),public_dns,public_dns_info
176.31.115.135,public dns server ip(176.31.115.135),public_dns,public_dns_info
81.3.0.26,public dns server ip(81.3.0.26),public_dns,public_dns_info
176.111.114.161,public dns server ip(176.111.114.161),public_dns,public_dns_info
200.195.181.162,public dns server ip(200.195.181.162),public_dns,public_dns_info
59.120.193.163,public dns server ip(59.120.193.163),public_dns,public_dns_info
93.91.140.127,public dns server ip(93.91.140.127),public_dns,public_dns_info
46.170.112.202,public dns server ip(46.170.112.202),public_dns,public_dns_info
220.110.97.42,public dns server ip(220.110.97.42),public_dns,public_dns_info
181.143.35.154,public dns server ip(181.143.35.154),public_dns,public_dns_info
5.19.220.81,public dns server ip(5.19.220.81),public_dns,public_dns_info
210.163.95.242,public dns server ip(210.163.95.242),public_dns,public_dns_info
59.120.234.98,public dns server ip(59.120.234.98),public_dns,public_dns_info
66.76.76.15,public dns server ip(66.76.76.15),public_dns,public_dns_info
69.24.34.200,public dns server ip(69.24.34.200),public_dns,public_dns_info
217.219.115.148,public dns server ip(217.219.115.148),public_dns,public_dns_info
212.113.0.3,public dns server ip(212.113.0.3),public_dns,public_dns_info
159.8.155.69,public dns server ip(159.8.155.69),public_dns,public_dns_info
217.86.149.109,public dns server ip(217.86.149.109),public_dns,public_dns_info
212.23.64.92,public dns server ip(212.23.64.92),public_dns,public_dns_info
216.237.114.148,public dns server ip(216.237.114.148),public_dns,public_dns_info
200.195.132.52,public dns server ip(200.195.132.52),public_dns,public_dns_info
203.140.150.48,public dns server ip(203.140.150.48),public_dns,public_dns_info
195.128.139.18,public dns server ip(195.128.139.18),public_dns,public_dns_info
176.111.116.124,public dns server ip(176.111.116.124),public_dns,public_dns_info
190.165.165.240,public dns server ip(190.165.165.240),public_dns,public_dns_info
216.237.114.149,public dns server ip(216.237.114.149),public_dns,public_dns_info
89.250.80.61,public dns server ip(89.250.80.61),public_dns,public_dns_info
82.117.196.42,public dns server ip(82.117.196.42),public_dns,public_dns_info
72.15.157.67,public dns server ip(72.15.157.67),public_dns,public_dns_info
87.255.159.82,public dns server ip(87.255.159.82),public_dns,public_dns_info
81.149.27.97,public dns server ip(81.149.27.97),public_dns,public_dns_info
77.241.17.70,public dns server ip(77.241.17.70),public_dns,public_dns_info
24.173.213.162,public dns server ip(24.173.213.162),public_dns,public_dns_info
211.233.64.79,public dns server ip(211.233.64.79),public_dns,public_dns_info
107.0.6.241,public dns server ip(107.0.6.241),public_dns,public_dns_info
201.212.10.23,public dns server ip(201.212.10.23),public_dns,public_dns_info
37.153.219.129,public dns server ip(37.153.219.129),public_dns,public_dns_info
114.179.33.106,public dns server ip(114.179.33.106),public_dns,public_dns_info
60.248.165.88,public dns server ip(60.248.165.88),public_dns,public_dns_info
212.68.146.220,public dns server ip(212.68.146.220),public_dns,public_dns_info
211.244.229.131,public dns server ip(211.244.229.131),public_dns,public_dns_info
130.255.121.9,public dns server ip(130.255.121.9),public_dns,public_dns_info
212.204.56.218,public dns server ip(212.204.56.218),public_dns,public_dns_info
211.244.229.130,public dns server ip(211.244.229.130),public_dns,public_dns_info
211.54.57.41,public dns server ip(211.54.57.41),public_dns,public_dns_info
88.199.118.248,public dns server ip(88.199.118.248),public_dns,public_dns_info
80.148.52.109,public dns server ip(80.148.52.109),public_dns,public_dns_info
116.48.150.197,public dns server ip(116.48.150.197),public_dns,public_dns_info
62.82.213.91,public dns server ip(62.82.213.91),public_dns,public_dns_info
206.212.241.14,public dns server ip(206.212.241.14),public_dns,public_dns_info
82.208.136.119,public dns server ip(82.208.136.119),public_dns,public_dns_info
62.4.63.75,public dns server ip(62.4.63.75),public_dns,public_dns_info
220.73.137.21,public dns server ip(220.73.137.21),public_dns,public_dns_info
201.45.193.131,public dns server ip(201.45.193.131),public_dns,public_dns_info
80.232.218.46,public dns server ip(80.232.218.46),public_dns,public_dns_info
188.191.32.3,public dns server ip(188.191.32.3),public_dns,public_dns_info
204.8.163.73,public dns server ip(204.8.163.73),public_dns,public_dns_info
87.213.100.113,public dns server ip(87.213.100.113),public_dns,public_dns_info
50.249.192.125,public dns server ip(50.249.192.125),public_dns,public_dns_info
37.59.219.57,public dns server ip(37.59.219.57),public_dns,public_dns_info
146.185.224.6,public dns server ip(146.185.224.6),public_dns,public_dns_info
87.82.210.162,public dns server ip(87.82.210.162),public_dns,public_dns_info
210.249.72.163,public dns server ip(210.249.72.163),public_dns,public_dns_info
223.27.222.201,public dns server ip(223.27.222.201),public_dns,public_dns_info
119.247.86.223,public dns server ip(119.247.86.223),public_dns,public_dns_info
198.190.63.1,public dns server ip(198.190.63.1),public_dns,public_dns_info
89.174.108.126,public dns server ip(89.174.108.126),public_dns,public_dns_info
89.174.108.142,public dns server ip(89.174.108.142),public_dns,public_dns_info
201.86.70.27,public dns server ip(201.86.70.27),public_dns,public_dns_info
84.96.26.129,public dns server ip(84.96.26.129),public_dns,public_dns_info
60.251.189.201,public dns server ip(60.251.189.201),public_dns,public_dns_info
201.86.70.30,public dns server ip(201.86.70.30),public_dns,public_dns_info
210.116.101.52,public dns server ip(210.116.101.52),public_dns,public_dns_info
70.60.38.11,public dns server ip(70.60.38.11),public_dns,public_dns_info
218.44.251.210,public dns server ip(218.44.251.210),public_dns,public_dns_info
89.174.108.158,public dns server ip(89.174.108.158),public_dns,public_dns_info
218.161.24.154,public dns server ip(218.161.24.154),public_dns,public_dns_info
195.53.69.148,public dns server ip(195.53.69.148),public_dns,public_dns_info
213.76.155.132,public dns server ip(213.76.155.132),public_dns,public_dns_info
117.240.228.147,public dns server ip(117.240.228.147),public_dns,public_dns_info
200.162.142.66,public dns server ip(200.162.142.66),public_dns,public_dns_info
210.233.17.137,public dns server ip(210.233.17.137),public_dns,public_dns_info
59.124.164.151,public dns server ip(59.124.164.151),public_dns,public_dns_info
211.194.150.11,public dns server ip(211.194.150.11),public_dns,public_dns_info
200.246.26.18,public dns server ip(200.246.26.18),public_dns,public_dns_info
194.78.155.10,public dns server ip(194.78.155.10),public_dns,public_dns_info
112.121.181.51,public dns server ip(112.121.181.51),public_dns,public_dns_info
206.123.219.125,public dns server ip(206.123.219.125),public_dns,public_dns_info
77.245.148.210,public dns server ip(77.245.148.210),public_dns,public_dns_info
176.53.36.78,public dns server ip(176.53.36.78),public_dns,public_dns_info
77.252.232.251,public dns server ip(77.252.232.251),public_dns,public_dns_info
91.226.178.2,public dns server ip(91.226.178.2),public_dns,public_dns_info
211.5.132.206,public dns server ip(211.5.132.206),public_dns,public_dns_info
71.41.221.194,public dns server ip(71.41.221.194),public_dns,public_dns_info
98.101.120.225,public dns server ip(98.101.120.225),public_dns,public_dns_info
194.61.59.25,public dns server ip(194.61.59.25),public_dns,public_dns_info
109.251.72.159,public dns server ip(109.251.72.159),public_dns,public_dns_info
206.63.252.75,public dns server ip(206.63.252.75),public_dns,public_dns_info
80.250.61.249,public dns server ip(80.250.61.249),public_dns,public_dns_info
80.250.61.193,public dns server ip(80.250.61.193),public_dns,public_dns_info
80.250.61.201,public dns server ip(80.250.61.201),public_dns,public_dns_info
46.238.200.205,public dns server ip(46.238.200.205),public_dns,public_dns_info
80.250.61.169,public dns server ip(80.250.61.169),public_dns,public_dns_info
203.70.231.156,public dns server ip(203.70.231.156),public_dns,public_dns_info
211.46.124.34,public dns server ip(211.46.124.34),public_dns,public_dns_info
81.192.169.249,public dns server ip(81.192.169.249),public_dns,public_dns_info
168.215.112.140,public dns server ip(168.215.112.140),public_dns,public_dns_info
85.159.0.107,public dns server ip(85.159.0.107),public_dns,public_dns_info
80.83.162.11,public dns server ip(80.83.162.11),public_dns,public_dns_info
80.83.162.8,public dns server ip(80.83.162.8),public_dns,public_dns_info
87.247.10.22,public dns server ip(87.247.10.22),public_dns,public_dns_info
94.231.180.177,public dns server ip(94.231.180.177),public_dns,public_dns_info
190.90.55.114,public dns server ip(190.90.55.114),public_dns,public_dns_info
5.196.77.50,public dns server ip(5.196.77.50),public_dns,public_dns_info
107.0.6.129,public dns server ip(107.0.6.129),public_dns,public_dns_info
176.33.142.139,public dns server ip(176.33.142.139),public_dns,public_dns_info
110.143.180.127,public dns server ip(110.143.180.127),public_dns,public_dns_info
94.232.220.85,public dns server ip(94.232.220.85),public_dns,public_dns_info
61.120.110.204,public dns server ip(61.120.110.204),public_dns,public_dns_info
211.5.215.146,public dns server ip(211.5.215.146),public_dns,public_dns_info
91.121.52.56,public dns server ip(91.121.52.56),public_dns,public_dns_info
61.120.110.203,public dns server ip(61.120.110.203),public_dns,public_dns_info
190.128.169.18,public dns server ip(190.128.169.18),public_dns,public_dns_info
222.237.76.177,public dns server ip(222.237.76.177),public_dns,public_dns_info
109.232.61.106,public dns server ip(109.232.61.106),public_dns,public_dns_info
41.225.234.41,public dns server ip(41.225.234.41),public_dns,public_dns_info
190.56.249.189,public dns server ip(190.56.249.189),public_dns,public_dns_info
170.215.66.0,public dns server ip(170.215.66.0),public_dns,public_dns_info
212.80.20.242,public dns server ip(212.80.20.242),public_dns,public_dns_info
210.255.121.226,public dns server ip(210.255.121.226),public_dns,public_dns_info
211.5.216.227,public dns server ip(211.5.216.227),public_dns,public_dns_info
213.172.184.238,public dns server ip(213.172.184.238),public_dns,public_dns_info
187.44.160.222,public dns server ip(187.44.160.222),public_dns,public_dns_info
212.121.126.233,public dns server ip(212.121.126.233),public_dns,public_dns_info
201.216.180.181,public dns server ip(201.216.180.181),public_dns,public_dns_info
203.238.5.233,public dns server ip(203.238.5.233),public_dns,public_dns_info
82.207.75.154,public dns server ip(82.207.75.154),public_dns,public_dns_info
95.78.156.6,public dns server ip(95.78.156.6),public_dns,public_dns_info
202.39.133.182,public dns server ip(202.39.133.182),public_dns,public_dns_info
213.8.161.190,public dns server ip(213.8.161.190),public_dns,public_dns_info
101.2.171.72,public dns server ip(101.2.171.72),public_dns,public_dns_info
101.2.171.71,public dns server ip(101.2.171.71),public_dns,public_dns_info
213.8.161.189,public dns server ip(213.8.161.189),public_dns,public_dns_info
118.163.23.165,public dns server ip(118.163.23.165),public_dns,public_dns_info
61.37.100.184,public dns server ip(61.37.100.184),public_dns,public_dns_info
188.117.151.126,public dns server ip(188.117.151.126),public_dns,public_dns_info
190.128.82.54,public dns server ip(190.128.82.54),public_dns,public_dns_info
221.191.13.191,public dns server ip(221.191.13.191),public_dns,public_dns_info
62.212.154.152,public dns server ip(62.212.154.152),public_dns,public_dns_info
5.102.56.169,public dns server ip(5.102.56.169),public_dns,public_dns_info
61.244.50.102,public dns server ip(61.244.50.102),public_dns,public_dns_info
14.198.23.34,public dns server ip(14.198.23.34),public_dns,public_dns_info
194.219.110.187,public dns server ip(194.219.110.187),public_dns,public_dns_info
82.117.196.222,public dns server ip(82.117.196.222),public_dns,public_dns_info
59.124.246.91,public dns server ip(59.124.246.91),public_dns,public_dns_info
137.174.153.60,public dns server ip(137.174.153.60),public_dns,public_dns_info
82.113.224.113,public dns server ip(82.113.224.113),public_dns,public_dns_info
210.234.127.182,public dns server ip(210.234.127.182),public_dns,public_dns_info
212.77.217.193,public dns server ip(212.77.217.193),public_dns,public_dns_info
46.32.252.69,public dns server ip(46.32.252.69),public_dns,public_dns_info
91.229.232.170,public dns server ip(91.229.232.170),public_dns,public_dns_info
203.69.36.241,public dns server ip(203.69.36.241),public_dns,public_dns_info
191.240.38.21,public dns server ip(191.240.38.21),public_dns,public_dns_info
41.230.3.221,public dns server ip(41.230.3.221),public_dns,public_dns_info
212.60.229.242,public dns server ip(212.60.229.242),public_dns,public_dns_info
220.130.37.5,public dns server ip(220.130.37.5),public_dns,public_dns_info
194.212.89.20,public dns server ip(194.212.89.20),public_dns,public_dns_info
210.255.58.37,public dns server ip(210.255.58.37),public_dns,public_dns_info
91.226.99.1,public dns server ip(91.226.99.1),public_dns,public_dns_info
68.109.249.130,public dns server ip(68.109.249.130),public_dns,public_dns_info
203.238.5.234,public dns server ip(203.238.5.234),public_dns,public_dns_info
195.77.241.116,public dns server ip(195.77.241.116),public_dns,public_dns_info
61.204.20.170,public dns server ip(61.204.20.170),public_dns,public_dns_info
195.58.249.162,public dns server ip(195.58.249.162),public_dns,public_dns_info
211.116.138.5,public dns server ip(211.116.138.5),public_dns,public_dns_info
189.254.149.228,public dns server ip(189.254.149.228),public_dns,public_dns_info
190.196.58.194,public dns server ip(190.196.58.194),public_dns,public_dns_info
203.155.56.3,public dns server ip(203.155.56.3),public_dns,public_dns_info
91.214.37.141,public dns server ip(91.214.37.141),public_dns,public_dns_info
95.78.254.62,public dns server ip(95.78.254.62),public_dns,public_dns_info
78.11.44.46,public dns server ip(78.11.44.46),public_dns,public_dns_info
74.207.237.34,public dns server ip(74.207.237.34),public_dns,public_dns_info
61.219.21.213,public dns server ip(61.219.21.213),public_dns,public_dns_info
211.203.71.5,public dns server ip(211.203.71.5),public_dns,public_dns_info
60.248.107.138,public dns server ip(60.248.107.138),public_dns,public_dns_info
81.82.250.182,public dns server ip(81.82.250.182),public_dns,public_dns_info
187.62.217.82,public dns server ip(187.62.217.82),public_dns,public_dns_info
177.0.32.117,public dns server ip(177.0.32.117),public_dns,public_dns_info
89.26.249.70,public dns server ip(89.26.249.70),public_dns,public_dns_info
89.26.249.65,public dns server ip(89.26.249.65),public_dns,public_dns_info
46.38.235.212,public dns server ip(46.38.235.212),public_dns,public_dns_info
173.75.115.210,public dns server ip(173.75.115.210),public_dns,public_dns_info
195.67.104.161,public dns server ip(195.67.104.161),public_dns,public_dns_info
210.61.68.103,public dns server ip(210.61.68.103),public_dns,public_dns_info
185.27.39.69,public dns server ip(185.27.39.69),public_dns,public_dns_info
180.70.94.117,public dns server ip(180.70.94.117),public_dns,public_dns_info
88.220.69.152,public dns server ip(88.220.69.152),public_dns,public_dns_info
27.32.129.177,public dns server ip(27.32.129.177),public_dns,public_dns_info
109.86.225.220,public dns server ip(109.86.225.220),public_dns,public_dns_info
195.77.90.230,public dns server ip(195.77.90.230),public_dns,public_dns_info
203.251.80.32,public dns server ip(203.251.80.32),public_dns,public_dns_info
119.246.36.176,public dns server ip(119.246.36.176),public_dns,public_dns_info
62.181.196.227,public dns server ip(62.181.196.227),public_dns,public_dns_info
5.83.92.254,public dns server ip(5.83.92.254),public_dns,public_dns_info
194.116.139.112,public dns server ip(194.116.139.112),public_dns,public_dns_info
37.139.11.137,public dns server ip(37.139.11.137),public_dns,public_dns_info
212.199.181.219,public dns server ip(212.199.181.219),public_dns,public_dns_info
122.199.242.13,public dns server ip(122.199.242.13),public_dns,public_dns_info
218.224.241.242,public dns server ip(218.224.241.242),public_dns,public_dns_info
203.219.96.46,public dns server ip(203.219.96.46),public_dns,public_dns_info
204.38.88.2,public dns server ip(204.38.88.2),public_dns,public_dns_info
190.196.15.163,public dns server ip(190.196.15.163),public_dns,public_dns_info
179.184.32.186,public dns server ip(179.184.32.186),public_dns,public_dns_info
200.169.88.1,public dns server ip(200.169.88.1),public_dns,public_dns_info
94.23.163.114,public dns server ip(94.23.163.114),public_dns,public_dns_info
210.249.76.224,public dns server ip(210.249.76.224),public_dns,public_dns_info
115.178.65.48,public dns server ip(115.178.65.48),public_dns,public_dns_info
62.97.123.106,public dns server ip(62.97.123.106),public_dns,public_dns_info
62.97.123.107,public dns server ip(62.97.123.107),public_dns,public_dns_info
213.178.54.62,public dns server ip(213.178.54.62),public_dns,public_dns_info
59.148.250.34,public dns server ip(59.148.250.34),public_dns,public_dns_info
24.104.69.6,public dns server ip(24.104.69.6),public_dns,public_dns_info
200.143.34.43,public dns server ip(200.143.34.43),public_dns,public_dns_info
5.102.89.89,public dns server ip(5.102.89.89),public_dns,public_dns_info
189.59.94.68,public dns server ip(189.59.94.68),public_dns,public_dns_info
209.105.248.88,public dns server ip(209.105.248.88),public_dns,public_dns_info
77.221.104.10,public dns server ip(77.221.104.10),public_dns,public_dns_info
81.83.28.206,public dns server ip(81.83.28.206),public_dns,public_dns_info
125.20.36.202,public dns server ip(125.20.36.202),public_dns,public_dns_info
118.218.136.27,public dns server ip(118.218.136.27),public_dns,public_dns_info
218.222.210.99,public dns server ip(218.222.210.99),public_dns,public_dns_info
124.105.67.50,public dns server ip(124.105.67.50),public_dns,public_dns_info
202.188.171.163,public dns server ip(202.188.171.163),public_dns,public_dns_info
200.79.8.37,public dns server ip(200.79.8.37),public_dns,public_dns_info
82.141.171.84,public dns server ip(82.141.171.84),public_dns,public_dns_info
69.160.247.67,public dns server ip(69.160.247.67),public_dns,public_dns_info
59.124.69.205,public dns server ip(59.124.69.205),public_dns,public_dns_info
211.116.129.3,public dns server ip(211.116.129.3),public_dns,public_dns_info
87.103.120.164,public dns server ip(87.103.120.164),public_dns,public_dns_info
93.93.56.4,public dns server ip(93.93.56.4),public_dns,public_dns_info
66.220.18.42,public dns server ip(66.220.18.42),public_dns,public_dns_info
78.111.176.74,public dns server ip(78.111.176.74),public_dns,public_dns_info
208.93.157.1,public dns server ip(208.93.157.1),public_dns,public_dns_info
82.141.184.26,public dns server ip(82.141.184.26),public_dns,public_dns_info
212.182.90.50,public dns server ip(212.182.90.50),public_dns,public_dns_info
177.220.130.226,public dns server ip(177.220.130.226),public_dns,public_dns_info
194.132.22.152,public dns server ip(194.132.22.152),public_dns,public_dns_info
211.25.206.146,public dns server ip(211.25.206.146),public_dns,public_dns_info
217.76.34.7,public dns server ip(217.76.34.7),public_dns,public_dns_info
200.162.136.138,public dns server ip(200.162.136.138),public_dns,public_dns_info
91.229.232.7,public dns server ip(91.229.232.7),public_dns,public_dns_info
91.229.232.57,public dns server ip(91.229.232.57),public_dns,public_dns_info
91.229.232.30,public dns server ip(91.229.232.30),public_dns,public_dns_info
212.185.16.51,public dns server ip(212.185.16.51),public_dns,public_dns_info
61.85.100.2,public dns server ip(61.85.100.2),public_dns,public_dns_info
85.248.225.83,public dns server ip(85.248.225.83),public_dns,public_dns_info
91.229.232.58,public dns server ip(91.229.232.58),public_dns,public_dns_info
213.25.71.2,public dns server ip(213.25.71.2),public_dns,public_dns_info
91.229.232.10,public dns server ip(91.229.232.10),public_dns,public_dns_info
204.187.93.11,public dns server ip(204.187.93.11),public_dns,public_dns_info
190.128.230.102,public dns server ip(190.128.230.102),public_dns,public_dns_info
210.238.188.136,public dns server ip(210.238.188.136),public_dns,public_dns_info
124.244.224.239,public dns server ip(124.244.224.239),public_dns,public_dns_info
59.124.65.142,public dns server ip(59.124.65.142),public_dns,public_dns_info
222.103.189.26,public dns server ip(222.103.189.26),public_dns,public_dns_info
203.109.149.192,public dns server ip(203.109.149.192),public_dns,public_dns_info
62.160.100.242,public dns server ip(62.160.100.242),public_dns,public_dns_info
210.164.225.90,public dns server ip(210.164.225.90),public_dns,public_dns_info
177.135.120.227,public dns server ip(177.135.120.227),public_dns,public_dns_info
125.227.193.206,public dns server ip(125.227.193.206),public_dns,public_dns_info
200.35.80.154,public dns server ip(200.35.80.154),public_dns,public_dns_info
218.44.234.170,public dns server ip(218.44.234.170),public_dns,public_dns_info
187.174.84.104,public dns server ip(187.174.84.104),public_dns,public_dns_info
213.138.56.75,public dns server ip(213.138.56.75),public_dns,public_dns_info
104.36.238.93,public dns server ip(104.36.238.93),public_dns,public_dns_info
108.60.201.174,public dns server ip(108.60.201.174),public_dns,public_dns_info
181.49.2.242,public dns server ip(181.49.2.242),public_dns,public_dns_info
5.160.211.66,public dns server ip(5.160.211.66),public_dns,public_dns_info
168.131.15.6,public dns server ip(168.131.15.6),public_dns,public_dns_info
46.209.44.34,public dns server ip(46.209.44.34),public_dns,public_dns_info
8.26.56.26,public dns server ip(8.26.56.26),public_dns,public_dns_info
8.20.247.20,public dns server ip(8.20.247.20),public_dns,public_dns_info
194.187.242.10,public dns server ip(194.187.242.10),public_dns,public_dns_info
177.92.0.162,public dns server ip(177.92.0.162),public_dns,public_dns_info
177.220.130.115,public dns server ip(177.220.130.115),public_dns,public_dns_info
200.150.72.115,public dns server ip(200.150.72.115),public_dns,public_dns_info
200.150.84.26,public dns server ip(200.150.84.26),public_dns,public_dns_info
200.150.85.66,public dns server ip(200.150.85.66),public_dns,public_dns_info
200.150.85.67,public dns server ip(200.150.85.67),public_dns,public_dns_info
200.150.85.68,public dns server ip(200.150.85.68),public_dns,public_dns_info
200.150.85.69,public dns server ip(200.150.85.69),public_dns,public_dns_info
200.150.85.70,public dns server ip(200.150.85.70),public_dns,public_dns_info
200.195.132.50,public dns server ip(200.195.132.50),public_dns,public_dns_info
200.195.132.51,public dns server ip(200.195.132.51),public_dns,public_dns_info
200.195.147.187,public dns server ip(200.195.147.187),public_dns,public_dns_info
200.195.153.163,public dns server ip(200.195.153.163),public_dns,public_dns_info
200.195.178.154,public dns server ip(200.195.178.154),public_dns,public_dns_info
200.195.178.155,public dns server ip(200.195.178.155),public_dns,public_dns_info
200.195.187.214,public dns server ip(200.195.187.214),public_dns,public_dns_info
2001:470:0:9d::2,public dns server ip(2001:470:0:9d::2),public_dns,public_dns_info
62.210.122.43,public dns server ip(62.210.122.43),public_dns,public_dns_info
80.245.113.217,public dns server ip(80.245.113.217),public_dns,public_dns_info
46.227.67.134,public dns server ip(46.227.67.134),public_dns,public_dns_info
5.135.6.38,public dns server ip(5.135.6.38),public_dns,public_dns_info
164.215.108.205,public dns server ip(164.215.108.205),public_dns,public_dns_info
200.7.91.210,public dns server ip(200.7.91.210),public_dns,public_dns_info
200.7.91.242,public dns server ip(200.7.91.242),public_dns,public_dns_info
103.30.244.150,public dns server ip(103.30.244.150),public_dns,public_dns_info
202.62.10.250,public dns server ip(202.62.10.250),public_dns,public_dns_info
202.137.158.53,public dns server ip(202.137.158.53),public_dns,public_dns_info
159.255.193.22,public dns server ip(159.255.193.22),public_dns,public_dns_info
50.7.155.106,public dns server ip(50.7.155.106),public_dns,public_dns_info
50.7.155.107,public dns server ip(50.7.155.107),public_dns,public_dns_info
50.7.155.108,public dns server ip(50.7.155.108),public_dns,public_dns_info
50.7.155.109,public dns server ip(50.7.155.109),public_dns,public_dns_info
50.7.155.122,public dns server ip(50.7.155.122),public_dns,public_dns_info
50.7.155.123,public dns server ip(50.7.155.123),public_dns,public_dns_info
50.7.155.124,public dns server ip(50.7.155.124),public_dns,public_dns_info
50.7.155.125,public dns server ip(50.7.155.125),public_dns,public_dns_info
50.7.155.126,public dns server ip(50.7.155.126),public_dns,public_dns_info
50.7.155.132,public dns server ip(50.7.155.132),public_dns,public_dns_info
50.7.155.133,public dns server ip(50.7.155.133),public_dns,public_dns_info
50.7.155.146,public dns server ip(50.7.155.146),public_dns,public_dns_info
50.7.155.148,public dns server ip(50.7.155.148),public_dns,public_dns_info
50.7.155.150,public dns server ip(50.7.155.150),public_dns,public_dns_info
118.97.127.21,public dns server ip(118.97.127.21),public_dns,public_dns_info
118.97.127.18,public dns server ip(118.97.127.18),public_dns,public_dns_info
195.8.8.1,public dns server ip(195.8.8.1),public_dns,public_dns_info
197.159.180.1,public dns server ip(197.159.180.1),public_dns,public_dns_info
197.159.166.3,public dns server ip(197.159.166.3),public_dns,public_dns_info
197.159.166.81,public dns server ip(197.159.166.81),public_dns,public_dns_info
197.159.166.174,public dns server ip(197.159.166.174),public_dns,public_dns_info
212.98.122.70,public dns server ip(212.98.122.70),public_dns,public_dns_info
65.48.140.38,public dns server ip(65.48.140.38),public_dns,public_dns_info
65.48.141.6,public dns server ip(65.48.141.6),public_dns,public_dns_info
65.48.141.41,public dns server ip(65.48.141.41),public_dns,public_dns_info
65.48.233.61,public dns server ip(65.48.233.61),public_dns,public_dns_info
65.48.234.144,public dns server ip(65.48.234.144),public_dns,public_dns_info
72.51.87.61,public dns server ip(72.51.87.61),public_dns,public_dns_info
72.51.87.89,public dns server ip(72.51.87.89),public_dns,public_dns_info
72.51.76.202,public dns server ip(72.51.76.202),public_dns,public_dns_info
72.51.77.147,public dns server ip(72.51.77.147),public_dns,public_dns_info
72.51.77.179,public dns server ip(72.51.77.179),public_dns,public_dns_info
72.51.78.19,public dns server ip(72.51.78.19),public_dns,public_dns_info
72.51.78.124,public dns server ip(72.51.78.124),public_dns,public_dns_info
72.51.79.61,public dns server ip(72.51.79.61),public_dns,public_dns_info
192.214.118.99,public dns server ip(192.214.118.99),public_dns,public_dns_info
192.214.118.115,public dns server ip(192.214.118.115),public_dns,public_dns_info
46.31.243.99,public dns server ip(46.31.243.99),public_dns,public_dns_info
117.18.119.42,public dns server ip(117.18.119.42),public_dns,public_dns_info
117.18.211.82,public dns server ip(117.18.211.82),public_dns,public_dns_info
202.53.85.98,public dns server ip(202.53.85.98),public_dns,public_dns_info
1.11.80.164,public dns server ip(1.11.80.164),public_dns,public_dns_info
1.11.85.154,public dns server ip(1.11.85.154),public_dns,public_dns_info
1.34.1.37,public dns server ip(1.34.1.37),public_dns,public_dns_info
182.23.12.98,public dns server ip(182.23.12.98),public_dns,public_dns_info
103.198.82.224,public dns server ip(103.198.82.224),public_dns,public_dns_info
203.109.188.3,public dns server ip(203.109.188.3),public_dns,public_dns_info
2a02:6b8:0:1::feed:a11,public dns server ip(2a02:6b8:0:1::feed:a11),public_dns,public_dns_info
78.24.72.73,public dns server ip(78.24.72.73),public_dns,public_dns_info
2a00:1908:0:0:0:0:0:73,public dns server ip(2a00:1908:0:0:0:0:0:73),public_dns,public_dns_info
89.163.214.174,public dns server ip(89.163.214.174),public_dns,public_dns_info
138.59.17.208,public dns server ip(138.59.17.208),public_dns,public_dns_info
5.145.112.39,public dns server ip(5.145.112.39),public_dns,public_dns_info
188.161.152.72,public dns server ip(188.161.152.72),public_dns,public_dns_info
80.248.150.58,public dns server ip(80.248.150.58),public_dns,public_dns_info
45.64.97.98,public dns server ip(45.64.97.98),public_dns,public_dns_info
200.124.124.190,public dns server ip(200.124.124.190),public_dns,public_dns_info
85.233.130.67,public dns server ip(85.233.130.67),public_dns,public_dns_info
195.67.69.66,public dns server ip(195.67.69.66),public_dns,public_dns_info
200.76.5.147,public dns server ip(200.76.5.147),public_dns,public_dns_info
213.178.66.111,public dns server ip(213.178.66.111),public_dns,public_dns_info
213.178.66.112,public dns server ip(213.178.66.112),public_dns,public_dns_info
41.221.192.166,public dns server ip(41.221.192.166),public_dns,public_dns_info
46.224.1.42,public dns server ip(46.224.1.42),public_dns,public_dns_info
54.94.175.250,public dns server ip(54.94.175.250),public_dns,public_dns_info
212.38.2.130,public dns server ip(212.38.2.130),public_dns,public_dns_info
212.51.16.193,public dns server ip(212.51.16.193),public_dns,public_dns_info
52.29.2.17,public dns server ip(52.29.2.17),public_dns,public_dns_info
82.209.228.234,public dns server ip(82.209.228.234),public_dns,public_dns_info
179.108.248.9,public dns server ip(179.108.248.9),public_dns,public_dns_info
202.138.120.87,public dns server ip(202.138.120.87),public_dns,public_dns_info
5.202.100.100,public dns server ip(5.202.100.100),public_dns,public_dns_info
43.255.243.170,public dns server ip(43.255.243.170),public_dns,public_dns_info
103.225.168.227,public dns server ip(103.225.168.227),public_dns,public_dns_info
119.59.112.202,public dns server ip(119.59.112.202),public_dns,public_dns_info
122.155.209.142,public dns server ip(122.155.209.142),public_dns,public_dns_info
202.182.0.2,public dns server ip(202.182.0.2),public_dns,public_dns_info
202.57.162.11,public dns server ip(202.57.162.11),public_dns,public_dns_info
203.146.127.85,public dns server ip(203.146.127.85),public_dns,public_dns_info
59.120.236.167,public dns server ip(59.120.236.167),public_dns,public_dns_info
59.124.10.145,public dns server ip(59.124.10.145),public_dns,public_dns_info
59.126.115.233,public dns server ip(59.126.115.233),public_dns,public_dns_info
61.219.21.212,public dns server ip(61.219.21.212),public_dns,public_dns_info
61.59.45.193,public dns server ip(61.59.45.193),public_dns,public_dns_info
210.66.233.219,public dns server ip(210.66.233.219),public_dns,public_dns_info
211.22.60.248,public dns server ip(211.22.60.248),public_dns,public_dns_info
220.135.107.63,public dns server ip(220.135.107.63),public_dns,public_dns_info
189.254.4.147,public dns server ip(189.254.4.147),public_dns,public_dns_info
201.155.134.9,public dns server ip(201.155.134.9),public_dns,public_dns_info
78.25.97.141,public dns server ip(78.25.97.141),public_dns,public_dns_info
91.122.37.231,public dns server ip(91.122.37.231),public_dns,public_dns_info
195.239.136.106,public dns server ip(195.239.136.106),public_dns,public_dns_info
164.132.149.181,public dns server ip(164.132.149.181),public_dns,public_dns_info
162.218.228.12,public dns server ip(162.218.228.12),public_dns,public_dns_info
185.57.206.82,public dns server ip(185.57.206.82),public_dns,public_dns_info
178.162.140.249,public dns server ip(178.162.140.249),public_dns,public_dns_info
51.15.91.29,public dns server ip(51.15.91.29),public_dns,public_dns_info
178.217.84.55,public dns server ip(178.217.84.55),public_dns,public_dns_info
95.179.210.60,public dns server ip(95.179.210.60),public_dns,public_dns_info
213.83.176.87,public dns server ip(213.83.176.87),public_dns,public_dns_info
80.57.8.7,public dns server ip(80.57.8.7),public_dns,public_dns_info
155.4.88.153,public dns server ip(155.4.88.153),public_dns,public_dns_info
213.141.89.61,public dns server ip(213.141.89.61),public_dns,public_dns_info
94.254.119.208,public dns server ip(94.254.119.208),public_dns,public_dns_info
37.123.181.152,public dns server ip(37.123.181.152),public_dns,public_dns_info
213.141.92.86,public dns server ip(213.141.92.86),public_dns,public_dns_info
176.10.168.170,public dns server ip(176.10.168.170),public_dns,public_dns_info
81.170.246.90,public dns server ip(81.170.246.90),public_dns,public_dns_info
37.123.141.240,public dns server ip(37.123.141.240),public_dns,public_dns_info
213.115.90.36,public dns server ip(213.115.90.36),public_dns,public_dns_info
5.150.225.31,public dns server ip(5.150.225.31),public_dns,public_dns_info
46.21.106.9,public dns server ip(46.21.106.9),public_dns,public_dns_info
88.129.219.10,public dns server ip(88.129.219.10),public_dns,public_dns_info
81.170.225.52,public dns server ip(81.170.225.52),public_dns,public_dns_info
81.170.220.243,public dns server ip(81.170.220.243),public_dns,public_dns_info
95.209.132.113,public dns server ip(95.209.132.113),public_dns,public_dns_info
155.4.2.128,public dns server ip(155.4.2.128),public_dns,public_dns_info
193.10.237.115,public dns server ip(193.10.237.115),public_dns,public_dns_info
98.128.140.79,public dns server ip(98.128.140.79),public_dns,public_dns_info
82.196.116.98,public dns server ip(82.196.116.98),public_dns,public_dns_info
5.150.252.103,public dns server ip(5.150.252.103),public_dns,public_dns_info
213.141.73.47,public dns server ip(213.141.73.47),public_dns,public_dns_info
62.116.228.39,public dns server ip(62.116.228.39),public_dns,public_dns_info
31.208.252.191,public dns server ip(31.208.252.191),public_dns,public_dns_info
155.4.234.49,public dns server ip(155.4.234.49),public_dns,public_dns_info
159.253.30.229,public dns server ip(159.253.30.229),public_dns,public_dns_info
81.170.233.111,public dns server ip(81.170.233.111),public_dns,public_dns_info
185.47.192.6,public dns server ip(185.47.192.6),public_dns,public_dns_info
155.4.254.107,public dns server ip(155.4.254.107),public_dns,public_dns_info
155.4.223.234,public dns server ip(155.4.223.234),public_dns,public_dns_info
84.23.156.201,public dns server ip(84.23.156.201),public_dns,public_dns_info
155.4.206.182,public dns server ip(155.4.206.182),public_dns,public_dns_info
84.23.156.97,public dns server ip(84.23.156.97),public_dns,public_dns_info
195.198.96.54,public dns server ip(195.198.96.54),public_dns,public_dns_info
158.174.247.36,public dns server ip(158.174.247.36),public_dns,public_dns_info
155.4.179.100,public dns server ip(155.4.179.100),public_dns,public_dns_info
185.98.244.214,public dns server ip(185.98.244.214),public_dns,public_dns_info
193.10.237.114,public dns server ip(193.10.237.114),public_dns,public_dns_info
84.23.131.96,public dns server ip(84.23.131.96),public_dns,public_dns_info
155.4.249.167,public dns server ip(155.4.249.167),public_dns,public_dns_info
194.6.243.1,public dns server ip(194.6.243.1),public_dns,public_dns_info
80.216.8.81,public dns server ip(80.216.8.81),public_dns,public_dns_info
82.196.127.125,public dns server ip(82.196.127.125),public_dns,public_dns_info
5.44.192.248,public dns server ip(5.44.192.248),public_dns,public_dns_info
158.174.68.35,public dns server ip(158.174.68.35),public_dns,public_dns_info
155.4.154.213,public dns server ip(155.4.154.213),public_dns,public_dns_info
185.98.245.223,public dns server ip(185.98.245.223),public_dns,public_dns_info
213.180.71.74,public dns server ip(213.180.71.74),public_dns,public_dns_info
155.4.15.45,public dns server ip(155.4.15.45),public_dns,public_dns_info
62.20.87.75,public dns server ip(62.20.87.75),public_dns,public_dns_info
176.10.188.16,public dns server ip(176.10.188.16),public_dns,public_dns_info
79.136.97.120,public dns server ip(79.136.97.120),public_dns,public_dns_info
195.198.69.210,public dns server ip(195.198.69.210),public_dns,public_dns_info
94.254.22.239,public dns server ip(94.254.22.239),public_dns,public_dns_info
5.150.233.72,public dns server ip(5.150.233.72),public_dns,public_dns_info
131.196.106.243,public dns server ip(131.196.106.243),public_dns,public_dns_info
138.255.150.18,public dns server ip(138.255.150.18),public_dns,public_dns_info
160.20.64.18,public dns server ip(160.20.64.18),public_dns,public_dns_info
164.163.1.90,public dns server ip(164.163.1.90),public_dns,public_dns_info
168.195.96.130,public dns server ip(168.195.96.130),public_dns,public_dns_info
170.150.226.155,public dns server ip(170.150.226.155),public_dns,public_dns_info
170.150.226.157,public dns server ip(170.150.226.157),public_dns,public_dns_info
170.247.211.253,public dns server ip(170.247.211.253),public_dns,public_dns_info
170.79.67.26,public dns server ip(170.79.67.26),public_dns,public_dns_info
177.200.221.66,public dns server ip(177.200.221.66),public_dns,public_dns_info
177.43.244.2,public dns server ip(177.43.244.2),public_dns,public_dns_info
177.44.88.151,public dns server ip(177.44.88.151),public_dns,public_dns_info
177.67.201.39,public dns server ip(177.67.201.39),public_dns,public_dns_info
177.69.240.252,public dns server ip(177.69.240.252),public_dns,public_dns_info
179.107.106.180,public dns server ip(179.107.106.180),public_dns,public_dns_info
179.127.93.13,public dns server ip(179.127.93.13),public_dns,public_dns_info
179.255.9.246,public dns server ip(179.255.9.246),public_dns,public_dns_info
186.226.84.164,public dns server ip(186.226.84.164),public_dns,public_dns_info
186.233.148.54,public dns server ip(186.233.148.54),public_dns,public_dns_info
186.248.89.68,public dns server ip(186.248.89.68),public_dns,public_dns_info
187.103.71.149,public dns server ip(187.103.71.149),public_dns,public_dns_info
187.120.209.14,public dns server ip(187.120.209.14),public_dns,public_dns_info
187.120.76.93,public dns server ip(187.120.76.93),public_dns,public_dns_info
187.16.105.10,public dns server ip(187.16.105.10),public_dns,public_dns_info
187.45.113.26,public dns server ip(187.45.113.26),public_dns,public_dns_info
189.20.250.196,public dns server ip(189.20.250.196),public_dns,public_dns_info
189.3.153.109,public dns server ip(189.3.153.109),public_dns,public_dns_info
189.42.32.146,public dns server ip(189.42.32.146),public_dns,public_dns_info
191.209.112.79,public dns server ip(191.209.112.79),public_dns,public_dns_info
191.232.183.7,public dns server ip(191.232.183.7),public_dns,public_dns_info
200.143.177.83,public dns server ip(200.143.177.83),public_dns,public_dns_info
200.199.88.218,public dns server ip(200.199.88.218),public_dns,public_dns_info
200.220.192.88,public dns server ip(200.220.192.88),public_dns,public_dns_info
201.30.92.45,public dns server ip(201.30.92.45),public_dns,public_dns_info
201.40.244.146,public dns server ip(201.40.244.146),public_dns,public_dns_info
201.56.7.132,public dns server ip(201.56.7.132),public_dns,public_dns_info
201.56.7.216,public dns server ip(201.56.7.216),public_dns,public_dns_info
45.233.80.98,public dns server ip(45.233.80.98),public_dns,public_dns_info
185.210.217.246,public dns server ip(185.210.217.246),public_dns,public_dns_info
37.120.143.162,public dns server ip(37.120.143.162),public_dns,public_dns_info
81.82.196.28,public dns server ip(81.82.196.28),public_dns,public_dns_info
81.82.205.35,public dns server ip(81.82.205.35),public_dns,public_dns_info
81.82.206.72,public dns server ip(81.82.206.72),public_dns,public_dns_info
81.82.220.184,public dns server ip(81.82.220.184),public_dns,public_dns_info
81.82.223.159,public dns server ip(81.82.223.159),public_dns,public_dns_info
81.82.223.188,public dns server ip(81.82.223.188),public_dns,public_dns_info
81.82.224.54,public dns server ip(81.82.224.54),public_dns,public_dns_info
81.82.229.237,public dns server ip(81.82.229.237),public_dns,public_dns_info
81.82.232.125,public dns server ip(81.82.232.125),public_dns,public_dns_info
81.82.234.91,public dns server ip(81.82.234.91),public_dns,public_dns_info
81.82.241.8,public dns server ip(81.82.241.8),public_dns,public_dns_info
81.82.242.116,public dns server ip(81.82.242.116),public_dns,public_dns_info
81.82.244.107,public dns server ip(81.82.244.107),public_dns,public_dns_info
81.82.251.106,public dns server ip(81.82.251.106),public_dns,public_dns_info
81.82.251.244,public dns server ip(81.82.251.244),public_dns,public_dns_info
81.83.13.159,public dns server ip(81.83.13.159),public_dns,public_dns_info
81.83.4.154,public dns server ip(81.83.4.154),public_dns,public_dns_info
81.83.4.163,public dns server ip(81.83.4.163),public_dns,public_dns_info
81.83.4.18,public dns server ip(81.83.4.18),public_dns,public_dns_info
81.83.4.188,public dns server ip(81.83.4.188),public_dns,public_dns_info
84.199.76.227,public dns server ip(84.199.76.227),public_dns,public_dns_info
84.199.79.130,public dns server ip(84.199.79.130),public_dns,public_dns_info
91.183.65.103,public dns server ip(91.183.65.103),public_dns,public_dns_info
134.119.220.146,public dns server ip(134.119.220.146),public_dns,public_dns_info
185.167.222.198,public dns server ip(185.167.222.198),public_dns,public_dns_info
185.200.146.8,public dns server ip(185.200.146.8),public_dns,public_dns_info
193.248.45.131,public dns server ip(193.248.45.131),public_dns,public_dns_info
51.254.140.126,public dns server ip(51.254.140.126),public_dns,public_dns_info
84.96.26.139,public dns server ip(84.96.26.139),public_dns,public_dns_info
87.98.133.11,public dns server ip(87.98.133.11),public_dns,public_dns_info
95.130.12.6,public dns server ip(95.130.12.6),public_dns,public_dns_info
185.90.131.194,public dns server ip(185.90.131.194),public_dns,public_dns_info
62.154.214.84,public dns server ip(62.154.214.84),public_dns,public_dns_info
185.210.180.6,public dns server ip(185.210.180.6),public_dns,public_dns_info
