1.161.123.91,iplist tor exits
5.2.64.194,iplist tor exits
5.2.77.146,iplist tor exits
5.3.163.124,iplist tor exits
5.34.181.34,iplist tor exits
5.34.181.35,iplist tor exits
5.34.181.114,iplist tor exits
5.34.183.105,iplist tor exits
5.39.217.14,iplist tor exits
5.79.68.161,iplist tor exits
5.79.86.15,iplist tor exits
5.79.86.16,iplist tor exits
5.135.65.145,iplist tor exits
5.135.158.101,iplist tor exits
5.150.254.67,iplist tor exits
5.189.146.133,iplist tor exits
5.196.1.129,iplist tor exits
5.196.66.162,iplist tor exits
5.199.130.188,iplist tor exits
5.252.176.20,iplist tor exits
5.254.146.7,iplist tor exits
18.18.248.17,iplist tor exits
18.85.192.253,iplist tor exits
23.129.64.101,iplist tor exits
23.129.64.106,iplist tor exits
23.239.23.104,iplist tor exits
24.3.111.78,iplist tor exits
24.20.43.120,iplist tor exits
31.23.174.244,iplist tor exits
31.31.72.24,iplist tor exits
31.31.74.47,iplist tor exits
31.31.74.131,iplist tor exits
31.131.2.19,iplist tor exits
31.131.4.171,iplist tor exits
31.148.220.211,iplist tor exits
31.185.27.201,iplist tor exits
31.185.104.19,iplist tor exits
31.185.104.20,iplist tor exits
31.185.104.21,iplist tor exits
31.220.0.225,iplist tor exits
31.220.40.54,iplist tor exits
31.220.42.86,iplist tor exits
37.9.231.195,iplist tor exits
37.28.154.68,iplist tor exits
37.48.120.196,iplist tor exits
37.128.222.30,iplist tor exits
37.134.164.64,iplist tor exits
37.139.8.104,iplist tor exits
37.187.129.166,iplist tor exits
37.187.180.18,iplist tor exits
37.187.239.8,iplist tor exits
37.200.98.117,iplist tor exits
37.220.36.240,iplist tor exits
37.228.129.2,iplist tor exits
38.117.96.154,iplist tor exits
40.124.44.53,iplist tor exits
41.215.241.146,iplist tor exits
45.32.116.97,iplist tor exits
45.33.43.215,iplist tor exits
45.56.103.80,iplist tor exits
45.62.250.175,iplist tor exits
45.64.186.102,iplist tor exits
45.66.32.220,iplist tor exits
45.76.115.159,iplist tor exits
45.79.73.22,iplist tor exits
45.79.144.222,iplist tor exits
45.125.65.45,iplist tor exits
46.17.46.199,iplist tor exits
46.29.248.238,iplist tor exits
46.38.235.14,iplist tor exits
46.98.196.225,iplist tor exits
46.98.199.25,iplist tor exits
46.98.199.52,iplist tor exits
46.98.203.112,iplist tor exits
46.98.205.186,iplist tor exits
46.98.205.194,iplist tor exits
46.101.61.36,iplist tor exits
46.105.52.65,iplist tor exits
46.165.230.5,iplist tor exits
46.165.245.154,iplist tor exits
46.165.254.166,iplist tor exits
46.167.245.51,iplist tor exits
46.173.214.3,iplist tor exits
46.182.18.29,iplist tor exits
46.182.18.40,iplist tor exits
46.182.19.15,iplist tor exits
46.182.19.219,iplist tor exits
46.182.106.190,iplist tor exits
46.246.43.49,iplist tor exits
46.246.49.132,iplist tor exits
46.250.220.166,iplist tor exits
49.50.66.209,iplist tor exits
49.50.107.221,iplist tor exits
50.7.151.127,iplist tor exits
50.7.176.2,iplist tor exits
50.247.195.124,iplist tor exits
51.15.1.72,iplist tor exits
51.15.3.40,iplist tor exits
51.15.36.100,iplist tor exits
51.15.37.97,iplist tor exits
51.15.43.205,iplist tor exits
51.15.48.204,iplist tor exits
51.15.49.134,iplist tor exits
51.15.53.83,iplist tor exits
51.15.56.18,iplist tor exits
51.15.59.9,iplist tor exits
51.15.59.175,iplist tor exits
51.15.68.66,iplist tor exits
51.15.75.133,iplist tor exits
51.15.80.14,iplist tor exits
51.15.106.67,iplist tor exits
51.15.117.50,iplist tor exits
51.15.123.230,iplist tor exits
51.15.125.181,iplist tor exits
51.15.128.3,iplist tor exits
51.15.187.209,iplist tor exits
51.15.209.128,iplist tor exits
51.15.224.0,iplist tor exits
51.15.233.253,iplist tor exits
51.15.235.211,iplist tor exits
51.15.252.1,iplist tor exits
51.38.64.136,iplist tor exits
51.38.113.64,iplist tor exits
51.38.134.189,iplist tor exits
51.38.162.232,iplist tor exits
51.68.174.45,iplist tor exits
51.68.174.112,iplist tor exits
51.68.214.45,iplist tor exits
51.75.71.123,iplist tor exits
51.75.253.147,iplist tor exits
51.77.62.52,iplist tor exits
51.77.177.194,iplist tor exits
51.77.201.37,iplist tor exits
51.159.1.114,iplist tor exits
51.254.48.93,iplist tor exits
51.254.208.245,iplist tor exits
51.255.106.85,iplist tor exits
52.167.231.173,iplist tor exits
54.36.189.105,iplist tor exits
54.36.222.37,iplist tor exits
54.37.16.241,iplist tor exits
54.37.75.89,iplist tor exits
54.37.234.66,iplist tor exits
54.39.98.106,iplist tor exits
54.39.148.232,iplist tor exits
54.39.148.233,iplist tor exits
54.39.148.234,iplist tor exits
54.39.151.167,iplist tor exits
58.153.198.85,iplist tor exits
59.127.163.155,iplist tor exits
62.102.148.67,iplist tor exits
62.102.148.68,iplist tor exits
62.102.148.69,iplist tor exits
62.210.37.82,iplist tor exits
62.210.105.86,iplist tor exits
62.210.116.201,iplist tor exits
64.27.17.140,iplist tor exits
64.113.32.29,iplist tor exits
64.137.162.34,iplist tor exits
65.19.167.131,iplist tor exits
65.19.167.132,iplist tor exits
65.181.122.48,iplist tor exits
65.181.123.254,iplist tor exits
65.181.124.115,iplist tor exits
66.42.224.235,iplist tor exits
66.110.216.10,iplist tor exits
66.146.193.33,iplist tor exits
66.155.4.213,iplist tor exits
66.175.208.248,iplist tor exits
66.222.153.25,iplist tor exits
67.163.131.76,iplist tor exits
67.215.255.140,iplist tor exits
69.164.207.234,iplist tor exits
70.168.93.214,iplist tor exits
71.19.144.106,iplist tor exits
71.19.144.148,iplist tor exits
71.19.148.20,iplist tor exits
72.14.179.10,iplist tor exits
72.83.43.53,iplist tor exits
72.210.252.137,iplist tor exits
74.82.47.194,iplist tor exits
77.10.130.23,iplist tor exits
77.13.40.229,iplist tor exits
77.55.212.215,iplist tor exits
77.68.42.132,iplist tor exits
77.73.69.90,iplist tor exits
77.81.104.124,iplist tor exits
77.81.247.72,iplist tor exits
77.247.181.162,iplist tor exits
77.247.181.163,iplist tor exits
77.250.227.202,iplist tor exits
78.21.17.242,iplist tor exits
78.46.63.113,iplist tor exits
78.109.23.2,iplist tor exits
78.130.128.106,iplist tor exits
78.142.19.43,iplist tor exits
78.142.175.70,iplist tor exits
79.134.234.247,iplist tor exits
79.143.186.17,iplist tor exits
79.172.193.32,iplist tor exits
80.67.172.162,iplist tor exits
80.68.92.225,iplist tor exits
80.79.23.7,iplist tor exits
80.127.116.96,iplist tor exits
80.169.241.76,iplist tor exits
80.241.60.207,iplist tor exits
81.17.27.130,iplist tor exits
81.17.27.131,iplist tor exits
81.17.27.132,iplist tor exits
81.17.27.133,iplist tor exits
81.17.27.134,iplist tor exits
81.17.27.135,iplist tor exits
81.17.27.136,iplist tor exits
81.17.27.137,iplist tor exits
81.17.27.138,iplist tor exits
81.17.27.139,iplist tor exits
81.17.27.140,iplist tor exits
81.17.27.141,iplist tor exits
81.171.29.146,iplist tor exits
82.94.132.34,iplist tor exits
82.94.251.227,iplist tor exits
82.118.242.113,iplist tor exits
82.118.242.128,iplist tor exits
82.151.193.198,iplist tor exits
82.221.128.191,iplist tor exits
82.221.131.5,iplist tor exits
82.221.131.71,iplist tor exits
82.221.131.102,iplist tor exits
82.221.139.190,iplist tor exits
82.221.141.96,iplist tor exits
82.223.14.245,iplist tor exits
82.223.27.82,iplist tor exits
82.228.252.20,iplist tor exits
83.135.106.65,iplist tor exits
83.136.106.136,iplist tor exits
83.136.106.153,iplist tor exits
84.200.12.61,iplist tor exits
84.200.50.18,iplist tor exits
84.209.51.186,iplist tor exits
85.25.44.141,iplist tor exits
85.159.237.210,iplist tor exits
85.214.243.115,iplist tor exits
85.235.65.198,iplist tor exits
85.248.227.164,iplist tor exits
85.248.227.165,iplist tor exits
86.104.15.15,iplist tor exits
87.64.102.248,iplist tor exits
87.118.92.43,iplist tor exits
87.118.110.27,iplist tor exits
87.118.112.63,iplist tor exits
87.118.116.12,iplist tor exits
87.118.116.90,iplist tor exits
87.118.116.103,iplist tor exits
87.118.122.30,iplist tor exits
87.118.122.51,iplist tor exits
87.120.36.157,iplist tor exits
87.120.254.204,iplist tor exits
87.120.254.223,iplist tor exits
88.77.181.74,iplist tor exits
89.31.57.5,iplist tor exits
89.31.96.168,iplist tor exits
89.144.12.17,iplist tor exits
89.187.143.31,iplist tor exits
89.187.143.81,iplist tor exits
89.203.249.251,iplist tor exits
89.234.157.254,iplist tor exits
89.234.190.157,iplist tor exits
89.236.34.117,iplist tor exits
89.236.112.99,iplist tor exits
91.92.109.43,iplist tor exits
91.92.109.119,iplist tor exits
91.121.192.154,iplist tor exits
91.146.121.3,iplist tor exits
91.153.76.138,iplist tor exits
91.203.5.146,iplist tor exits
91.203.5.165,iplist tor exits
91.203.145.116,iplist tor exits
91.203.145.120,iplist tor exits
91.203.146.126,iplist tor exits
91.207.174.75,iplist tor exits
91.219.28.60,iplist tor exits
91.219.237.244,iplist tor exits
91.219.238.95,iplist tor exits
91.221.57.179,iplist tor exits
91.234.99.83,iplist tor exits
91.250.241.241,iplist tor exits
92.63.173.28,iplist tor exits
92.222.22.113,iplist tor exits
92.222.38.67,iplist tor exits
92.222.115.28,iplist tor exits
92.222.180.10,iplist tor exits
93.115.241.194,iplist tor exits
93.174.93.6,iplist tor exits
93.174.93.133,iplist tor exits
94.23.201.80,iplist tor exits
94.32.66.15,iplist tor exits
94.100.6.27,iplist tor exits
94.100.6.72,iplist tor exits
94.102.49.152,iplist tor exits
94.102.51.78,iplist tor exits
94.156.77.134,iplist tor exits
94.168.35.70,iplist tor exits
94.230.208.147,iplist tor exits
94.230.208.148,iplist tor exits
94.242.59.89,iplist tor exits
94.248.1.228,iplist tor exits
95.42.126.41,iplist tor exits
95.103.57.132,iplist tor exits
95.128.43.164,iplist tor exits
95.130.9.90,iplist tor exits
95.130.10.69,iplist tor exits
95.130.11.170,iplist tor exits
95.130.12.33,iplist tor exits
95.141.35.15,iplist tor exits
95.142.161.63,iplist tor exits
95.143.193.125,iplist tor exits
95.165.133.22,iplist tor exits
95.179.150.158,iplist tor exits
95.211.118.194,iplist tor exits
95.216.107.148,iplist tor exits
95.216.145.1,iplist tor exits
96.66.15.147,iplist tor exits
96.70.31.155,iplist tor exits
97.74.237.196,iplist tor exits
98.142.132.32,iplist tor exits
98.174.90.43,iplist tor exits
102.165.54.56,iplist tor exits
103.3.61.114,iplist tor exits
103.28.52.93,iplist tor exits
103.28.53.138,iplist tor exits
103.68.109.197,iplist tor exits
103.75.190.11,iplist tor exits
103.76.180.54,iplist tor exits
103.194.170.223,iplist tor exits
103.208.220.122,iplist tor exits
103.208.220.226,iplist tor exits
103.234.220.195,iplist tor exits
103.234.220.197,iplist tor exits
103.236.201.110,iplist tor exits
104.40.73.53,iplist tor exits
104.131.206.23,iplist tor exits
104.167.100.86,iplist tor exits
104.167.102.164,iplist tor exits
104.192.3.226,iplist tor exits
104.194.228.240,iplist tor exits
104.196.43.128,iplist tor exits
104.200.20.46,iplist tor exits
104.218.63.72,iplist tor exits
104.218.63.73,iplist tor exits
104.218.63.74,iplist tor exits
104.218.63.75,iplist tor exits
104.218.63.76,iplist tor exits
104.244.74.78,iplist tor exits
104.244.74.165,iplist tor exits
104.244.76.13,iplist tor exits
104.244.77.49,iplist tor exits
107.155.49.126,iplist tor exits
107.181.161.182,iplist tor exits
107.181.174.66,iplist tor exits
108.85.99.10,iplist tor exits
109.69.66.98,iplist tor exits
109.69.67.17,iplist tor exits
109.70.100.18,iplist tor exits
109.70.100.19,iplist tor exits
109.70.100.20,iplist tor exits
109.70.100.21,iplist tor exits
109.70.100.22,iplist tor exits
109.70.100.23,iplist tor exits
109.70.100.24,iplist tor exits
109.70.100.25,iplist tor exits
109.70.100.26,iplist tor exits
109.169.33.163,iplist tor exits
109.201.133.100,iplist tor exits
109.236.90.209,iplist tor exits
111.69.49.124,iplist tor exits
114.32.35.232,iplist tor exits
118.163.74.160,iplist tor exits
122.147.141.130,iplist tor exits
123.193.200.152,iplist tor exits
124.109.1.207,iplist tor exits
125.212.241.182,iplist tor exits
128.14.136.158,iplist tor exits
128.31.0.13,iplist tor exits
128.199.213.157,iplist tor exits
130.149.80.199,iplist tor exits
137.74.167.96,iplist tor exits
137.74.169.241,iplist tor exits
138.197.177.62,iplist tor exits
139.28.36.234,iplist tor exits
139.99.96.114,iplist tor exits
139.99.98.191,iplist tor exits
139.162.10.72,iplist tor exits
139.162.100.194,iplist tor exits
139.162.138.14,iplist tor exits
141.255.162.34,iplist tor exits
141.255.162.35,iplist tor exits
141.255.162.36,iplist tor exits
141.255.162.38,iplist tor exits
142.93.168.48,iplist tor exits
143.202.161.75,iplist tor exits
144.217.7.33,iplist tor exits
144.217.7.154,iplist tor exits
144.217.60.211,iplist tor exits
144.217.60.239,iplist tor exits
144.217.64.46,iplist tor exits
144.217.80.80,iplist tor exits
144.217.90.68,iplist tor exits
144.217.161.119,iplist tor exits
144.217.164.104,iplist tor exits
144.217.165.133,iplist tor exits
144.217.165.223,iplist tor exits
144.217.166.19,iplist tor exits
144.217.166.26,iplist tor exits
144.217.166.59,iplist tor exits
144.217.166.65,iplist tor exits
145.239.82.204,iplist tor exits
145.239.91.37,iplist tor exits
145.239.93.33,iplist tor exits
145.249.107.135,iplist tor exits
149.202.170.60,iplist tor exits
149.202.238.204,iplist tor exits
151.53.222.95,iplist tor exits
153.169.19.10,iplist tor exits
156.54.213.67,iplist tor exits
157.157.87.22,iplist tor exits
157.161.57.70,iplist tor exits
158.69.37.14,iplist tor exits
158.69.192.200,iplist tor exits
158.69.192.239,iplist tor exits
158.69.193.32,iplist tor exits
158.69.201.47,iplist tor exits
158.69.217.87,iplist tor exits
158.174.122.199,iplist tor exits
158.255.7.61,iplist tor exits
159.65.200.23,iplist tor exits
160.119.249.24,iplist tor exits
160.119.249.239,iplist tor exits
160.119.249.240,iplist tor exits
160.119.253.114,iplist tor exits
160.202.162.186,iplist tor exits
162.213.0.243,iplist tor exits
162.213.3.221,iplist tor exits
162.244.80.228,iplist tor exits
162.244.81.117,iplist tor exits
162.247.74.7,iplist tor exits
162.247.74.27,iplist tor exits
162.247.74.74,iplist tor exits
162.247.74.199,iplist tor exits
162.247.74.200,iplist tor exits
162.247.74.201,iplist tor exits
162.247.74.202,iplist tor exits
162.247.74.204,iplist tor exits
162.247.74.206,iplist tor exits
162.247.74.216,iplist tor exits
162.247.74.217,iplist tor exits
163.172.12.160,iplist tor exits
163.172.41.228,iplist tor exits
163.172.66.247,iplist tor exits
163.172.160.182,iplist tor exits
163.172.221.204,iplist tor exits
164.77.133.220,iplist tor exits
164.132.51.91,iplist tor exits
166.70.15.14,iplist tor exits
166.70.207.2,iplist tor exits
167.99.42.89,iplist tor exits
167.114.34.150,iplist tor exits
167.114.108.152,iplist tor exits
169.197.112.26,iplist tor exits
171.25.193.20,iplist tor exits
171.25.193.25,iplist tor exits
171.25.193.77,iplist tor exits
171.25.193.78,iplist tor exits
171.25.193.235,iplist tor exits
171.233.208.235,iplist tor exits
172.96.118.14,iplist tor exits
172.98.67.39,iplist tor exits
172.98.193.43,iplist tor exits
173.14.173.227,iplist tor exits
173.199.70.185,iplist tor exits
173.212.244.116,iplist tor exits
173.244.209.5,iplist tor exits
173.255.226.142,iplist tor exits
174.18.153.201,iplist tor exits
175.125.111.34,iplist tor exits
176.10.99.200,iplist tor exits
176.10.104.240,iplist tor exits
176.10.107.180,iplist tor exits
176.31.45.3,iplist tor exits
176.31.208.193,iplist tor exits
176.53.90.26,iplist tor exits
176.58.100.98,iplist tor exits
176.67.168.210,iplist tor exits
176.107.179.147,iplist tor exits
176.121.81.51,iplist tor exits
176.126.83.211,iplist tor exits
178.17.166.146,iplist tor exits
178.17.166.147,iplist tor exits
178.17.166.148,iplist tor exits
178.17.166.149,iplist tor exits
178.17.166.150,iplist tor exits
178.17.170.13,iplist tor exits
178.17.170.23,iplist tor exits
178.17.170.81,iplist tor exits
178.17.170.105,iplist tor exits
178.17.170.112,iplist tor exits
178.17.170.135,iplist tor exits
178.17.170.149,iplist tor exits
178.17.170.164,iplist tor exits
178.17.170.194,iplist tor exits
178.17.170.196,iplist tor exits
178.17.171.39,iplist tor exits
178.17.171.78,iplist tor exits
178.17.171.102,iplist tor exits
178.17.171.114,iplist tor exits
178.17.171.197,iplist tor exits
178.17.174.10,iplist tor exits
178.17.174.14,iplist tor exits
178.17.174.68,iplist tor exits
178.17.174.196,iplist tor exits
178.17.174.198,iplist tor exits
178.17.174.229,iplist tor exits
178.17.174.232,iplist tor exits
178.20.55.16,iplist tor exits
178.20.55.18,iplist tor exits
178.32.147.150,iplist tor exits
178.128.52.46,iplist tor exits
178.141.22.180,iplist tor exits
178.165.72.177,iplist tor exits
178.175.131.194,iplist tor exits
178.175.132.209,iplist tor exits
178.175.132.210,iplist tor exits
178.175.132.211,iplist tor exits
178.175.132.212,iplist tor exits
178.175.132.213,iplist tor exits
178.175.132.214,iplist tor exits
178.175.132.225,iplist tor exits
178.175.132.226,iplist tor exits
178.175.132.227,iplist tor exits
178.175.132.228,iplist tor exits
178.175.132.229,iplist tor exits
178.175.132.230,iplist tor exits
178.175.135.99,iplist tor exits
178.175.135.100,iplist tor exits
178.175.135.101,iplist tor exits
178.175.135.102,iplist tor exits
178.175.143.155,iplist tor exits
178.175.143.156,iplist tor exits
178.175.143.157,iplist tor exits
178.175.143.158,iplist tor exits
178.175.143.163,iplist tor exits
178.175.143.164,iplist tor exits
178.175.143.165,iplist tor exits
178.175.143.166,iplist tor exits
178.175.143.234,iplist tor exits
178.175.143.242,iplist tor exits
178.175.148.11,iplist tor exits
178.175.148.34,iplist tor exits
178.175.148.45,iplist tor exits
178.175.148.165,iplist tor exits
178.175.148.224,iplist tor exits
178.175.148.227,iplist tor exits
178.239.176.73,iplist tor exits
179.43.134.154,iplist tor exits
179.43.134.155,iplist tor exits
179.43.134.156,iplist tor exits
179.43.134.157,iplist tor exits
179.43.146.230,iplist tor exits
179.43.148.214,iplist tor exits
179.43.151.146,iplist tor exits
179.48.248.17,iplist tor exits
179.48.251.188,iplist tor exits
180.150.226.99,iplist tor exits
185.4.132.135,iplist tor exits
185.4.132.183,iplist tor exits
185.10.68.30,iplist tor exits
185.10.68.52,iplist tor exits
185.10.68.76,iplist tor exits
185.10.68.123,iplist tor exits
185.10.68.126,iplist tor exits
185.10.68.148,iplist tor exits
185.10.68.180,iplist tor exits
185.10.68.217,iplist tor exits
185.14.29.189,iplist tor exits
185.34.33.2,iplist tor exits
185.35.138.92,iplist tor exits
185.56.171.94,iplist tor exits
185.61.149.193,iplist tor exits
185.65.135.180,iplist tor exits
185.65.205.10,iplist tor exits
185.65.206.154,iplist tor exits
185.66.200.10,iplist tor exits
185.72.244.24,iplist tor exits
185.86.148.90,iplist tor exits
185.86.149.254,iplist tor exits
185.86.151.21,iplist tor exits
185.100.85.61,iplist tor exits
185.100.85.101,iplist tor exits
185.100.85.132,iplist tor exits
185.100.85.147,iplist tor exits
185.100.85.190,iplist tor exits
185.100.86.100,iplist tor exits
185.100.86.128,iplist tor exits
185.100.86.154,iplist tor exits
185.100.86.182,iplist tor exits
185.100.87.206,iplist tor exits
185.100.87.207,iplist tor exits
185.104.120.3,iplist tor exits
185.104.120.4,iplist tor exits
185.104.120.5,iplist tor exits
185.104.120.7,iplist tor exits
185.104.120.60,iplist tor exits
185.107.47.171,iplist tor exits
185.107.47.215,iplist tor exits
185.107.70.202,iplist tor exits
185.107.83.71,iplist tor exits
185.112.146.138,iplist tor exits
185.112.254.195,iplist tor exits
185.113.128.30,iplist tor exits
185.121.168.254,iplist tor exits
185.125.33.114,iplist tor exits
185.125.33.242,iplist tor exits
185.127.25.68,iplist tor exits
185.127.25.192,iplist tor exits
185.129.62.62,iplist tor exits
185.129.62.63,iplist tor exits
185.130.104.241,iplist tor exits
185.147.80.155,iplist tor exits
185.147.237.8,iplist tor exits
185.163.45.35,iplist tor exits
185.163.45.38,iplist tor exits
185.165.168.77,iplist tor exits
185.165.168.168,iplist tor exits
185.165.168.229,iplist tor exits
185.165.169.62,iplist tor exits
185.165.169.71,iplist tor exits
185.165.169.165,iplist tor exits
185.169.42.141,iplist tor exits
185.175.208.180,iplist tor exits
185.177.151.34,iplist tor exits
185.191.204.254,iplist tor exits
185.193.125.42,iplist tor exits
185.198.58.198,iplist tor exits
185.205.210.245,iplist tor exits
185.220.100.252,iplist tor exits
185.220.100.253,iplist tor exits
185.220.100.254,iplist tor exits
185.220.100.255,iplist tor exits
185.220.101.0,iplist tor exits
185.220.101.1,iplist tor exits
185.220.101.3,iplist tor exits
185.220.101.5,iplist tor exits
185.220.101.6,iplist tor exits
185.220.101.7,iplist tor exits
185.220.101.12,iplist tor exits
185.220.101.13,iplist tor exits
185.220.101.15,iplist tor exits
185.220.101.20,iplist tor exits
185.220.101.21,iplist tor exits
185.220.101.22,iplist tor exits
185.220.101.24,iplist tor exits
185.220.101.25,iplist tor exits
185.220.101.26,iplist tor exits
185.220.101.27,iplist tor exits
185.220.101.28,iplist tor exits
185.220.101.29,iplist tor exits
185.220.101.30,iplist tor exits
185.220.101.31,iplist tor exits
185.220.101.32,iplist tor exits
185.220.101.33,iplist tor exits
185.220.101.34,iplist tor exits
185.220.101.35,iplist tor exits
185.220.101.44,iplist tor exits
185.220.101.45,iplist tor exits
185.220.101.46,iplist tor exits
185.220.101.48,iplist tor exits
185.220.101.49,iplist tor exits
185.220.101.50,iplist tor exits
185.220.101.52,iplist tor exits
185.220.101.53,iplist tor exits
185.220.101.54,iplist tor exits
185.220.101.56,iplist tor exits
185.220.101.57,iplist tor exits
185.220.101.58,iplist tor exits
185.220.101.60,iplist tor exits
185.220.101.62,iplist tor exits
185.220.101.65,iplist tor exits
185.220.101.66,iplist tor exits
185.220.101.67,iplist tor exits
185.220.101.68,iplist tor exits
185.220.101.69,iplist tor exits
185.220.101.70,iplist tor exits
185.220.102.4,iplist tor exits
185.220.102.6,iplist tor exits
185.220.102.7,iplist tor exits
185.220.102.8,iplist tor exits
185.222.202.12,iplist tor exits
185.222.202.104,iplist tor exits
185.222.202.125,iplist tor exits
185.222.202.133,iplist tor exits
185.222.202.153,iplist tor exits
185.222.202.221,iplist tor exits
185.222.209.87,iplist tor exits
185.227.68.78,iplist tor exits
185.227.82.9,iplist tor exits
185.233.100.23,iplist tor exits
185.242.113.224,iplist tor exits
185.244.151.149,iplist tor exits
185.248.160.21,iplist tor exits
185.248.160.65,iplist tor exits
185.248.160.231,iplist tor exits
185.249.198.205,iplist tor exits
185.255.112.137,iplist tor exits
185.255.112.148,iplist tor exits
187.178.75.109,iplist tor exits
188.65.144.2,iplist tor exits
188.68.45.180,iplist tor exits
188.127.251.63,iplist tor exits
188.165.59.43,iplist tor exits
188.166.9.235,iplist tor exits
188.214.104.146,iplist tor exits
189.84.21.44,iplist tor exits
190.10.8.50,iplist tor exits
190.105.226.81,iplist tor exits
190.164.230.184,iplist tor exits
191.114.59.68,iplist tor exits
191.250.140.204,iplist tor exits
192.34.53.19,iplist tor exits
192.34.80.176,iplist tor exits
192.42.116.13,iplist tor exits
192.42.116.14,iplist tor exits
192.42.116.15,iplist tor exits
192.42.116.16,iplist tor exits
192.42.116.17,iplist tor exits
192.42.116.18,iplist tor exits
192.42.116.19,iplist tor exits
192.42.116.20,iplist tor exits
192.42.116.22,iplist tor exits
192.42.116.23,iplist tor exits
192.42.116.25,iplist tor exits
192.42.116.26,iplist tor exits
192.42.116.27,iplist tor exits
192.42.116.28,iplist tor exits
192.155.95.222,iplist tor exits
192.160.102.164,iplist tor exits
192.160.102.165,iplist tor exits
192.160.102.166,iplist tor exits
192.160.102.168,iplist tor exits
192.160.102.169,iplist tor exits
192.160.102.170,iplist tor exits
192.195.80.10,iplist tor exits
193.9.114.139,iplist tor exits
193.9.115.24,iplist tor exits
193.19.118.171,iplist tor exits
193.29.15.223,iplist tor exits
193.30.34.6,iplist tor exits
193.30.35.74,iplist tor exits
193.36.119.17,iplist tor exits
193.56.29.101,iplist tor exits
193.90.12.115,iplist tor exits
193.90.12.116,iplist tor exits
193.90.12.117,iplist tor exits
193.90.12.118,iplist tor exits
193.90.12.119,iplist tor exits
193.110.157.151,iplist tor exits
193.150.121.6,iplist tor exits
193.169.145.66,iplist tor exits
193.169.145.194,iplist tor exits
193.169.145.202,iplist tor exits
193.201.225.45,iplist tor exits
194.71.109.44,iplist tor exits
194.88.143.66,iplist tor exits
194.99.106.148,iplist tor exits
195.123.212.75,iplist tor exits
195.123.213.211,iplist tor exits
195.123.216.32,iplist tor exits
195.123.217.153,iplist tor exits
195.123.224.108,iplist tor exits
195.123.228.161,iplist tor exits
195.123.237.249,iplist tor exits
195.123.237.251,iplist tor exits
195.123.240.73,iplist tor exits
195.123.245.96,iplist tor exits
195.176.3.19,iplist tor exits
195.176.3.20,iplist tor exits
195.176.3.23,iplist tor exits
195.176.3.24,iplist tor exits
195.189.96.147,iplist tor exits
195.206.105.217,iplist tor exits
195.228.45.176,iplist tor exits
195.254.134.194,iplist tor exits
195.254.134.242,iplist tor exits
195.254.135.76,iplist tor exits
196.41.123.180,iplist tor exits
197.231.221.211,iplist tor exits
198.46.135.18,iplist tor exits
198.50.191.95,iplist tor exits
198.50.200.129,iplist tor exits
198.50.200.131,iplist tor exits
198.71.81.66,iplist tor exits
198.96.155.3,iplist tor exits
198.98.50.112,iplist tor exits
198.98.50.201,iplist tor exits
198.98.54.28,iplist tor exits
198.98.54.34,iplist tor exits
198.98.56.149,iplist tor exits
198.98.57.155,iplist tor exits
198.98.58.135,iplist tor exits
198.98.62.49,iplist tor exits
198.167.223.38,iplist tor exits
198.167.223.100,iplist tor exits
198.167.223.111,iplist tor exits
198.167.223.133,iplist tor exits
198.211.122.191,iplist tor exits
198.255.44.98,iplist tor exits
199.87.154.255,iplist tor exits
199.127.226.150,iplist tor exits
199.195.248.177,iplist tor exits
199.249.230.64,iplist tor exits
199.249.230.65,iplist tor exits
199.249.230.66,iplist tor exits
199.249.230.67,iplist tor exits
199.249.230.68,iplist tor exits
199.249.230.69,iplist tor exits
199.249.230.70,iplist tor exits
199.249.230.71,iplist tor exits
199.249.230.72,iplist tor exits
199.249.230.73,iplist tor exits
199.249.230.74,iplist tor exits
199.249.230.75,iplist tor exits
199.249.230.76,iplist tor exits
199.249.230.77,iplist tor exits
199.249.230.78,iplist tor exits
199.249.230.79,iplist tor exits
199.249.230.80,iplist tor exits
199.249.230.81,iplist tor exits
199.249.230.82,iplist tor exits
199.249.230.83,iplist tor exits
199.249.230.84,iplist tor exits
199.249.230.85,iplist tor exits
199.249.230.86,iplist tor exits
199.249.230.87,iplist tor exits
199.249.230.88,iplist tor exits
199.249.230.89,iplist tor exits
200.52.55.54,iplist tor exits
200.98.137.240,iplist tor exits
200.98.146.219,iplist tor exits
200.98.161.148,iplist tor exits
201.80.181.11,iplist tor exits
204.8.156.142,iplist tor exits
204.11.50.131,iplist tor exits
204.17.56.42,iplist tor exits
204.27.60.147,iplist tor exits
204.85.191.8,iplist tor exits
204.85.191.9,iplist tor exits
204.194.29.4,iplist tor exits
205.168.84.133,iplist tor exits
205.185.118.10,iplist tor exits
205.185.126.56,iplist tor exits
205.185.127.219,iplist tor exits
207.180.224.17,iplist tor exits
207.244.70.35,iplist tor exits
209.95.51.11,iplist tor exits
209.126.101.29,iplist tor exits
209.141.33.25,iplist tor exits
209.141.37.237,iplist tor exits
209.141.41.41,iplist tor exits
209.141.41.103,iplist tor exits
209.141.45.212,iplist tor exits
209.141.51.150,iplist tor exits
209.141.58.114,iplist tor exits
209.141.61.45,iplist tor exits
210.3.102.152,iplist tor exits
210.140.10.24,iplist tor exits
212.16.104.33,iplist tor exits
212.21.66.6,iplist tor exits
212.47.226.52,iplist tor exits
212.47.229.60,iplist tor exits
212.47.248.66,iplist tor exits
212.81.199.159,iplist tor exits
213.61.215.54,iplist tor exits
213.95.149.22,iplist tor exits
213.108.105.71,iplist tor exits
213.136.92.52,iplist tor exits
213.160.32.233,iplist tor exits
213.252.140.118,iplist tor exits
213.252.244.99,iplist tor exits
216.158.98.38,iplist tor exits
216.218.134.12,iplist tor exits
216.239.90.19,iplist tor exits
217.12.221.196,iplist tor exits
217.12.223.56,iplist tor exits
217.115.10.131,iplist tor exits
217.115.10.132,iplist tor exits
217.170.197.83,iplist tor exits
217.170.197.89,iplist tor exits
217.182.78.177,iplist tor exits
220.135.203.167,iplist tor exits
223.26.48.248,iplist tor exits
