123mail.org,domainlist webmail domains
150mail.com,domainlist webmail domains
150ml.com,domainlist webmail domains
16mail.com,domainlist webmail domains
2-mail.com,domainlist webmail domains
2trom.com,domainlist webmail domains
4email.net,domainlist webmail domains
50mail.com,domainlist webmail domains
aapt.net.au,domainlist webmail domains
accountant.com,domainlist webmail domains
acdcfan.com,domainlist webmail domains
activist.com,domainlist webmail domains
adam.com.au,domainlist webmail domains
adexec.com,domainlist webmail domains
africamail.com,domainlist webmail domains
aircraftmail.com,domainlist webmail domains
airpost.net,domainlist webmail domains
allergist.com,domainlist webmail domains
allmail.net,domainlist webmail domains
alumni.com,domainlist webmail domains
alumnidirector.com,domainlist webmail domains
angelic.com,domainlist webmail domains
anonymous.to,domainlist webmail domains
aol.com,domainlist webmail domains
appraiser.net,domainlist webmail domains
archaeologist.com,domainlist webmail domains
arcticmail.com,domainlist webmail domains
artlover.com,domainlist webmail domains
asia-mail.com,domainlist webmail domains
asia.com,domainlist webmail domains
atheist.com,domainlist webmail domains
auctioneer.net,domainlist webmail domains
australiamail.com,domainlist webmail domains
bartender.net,domainlist webmail domains
bellair.net,domainlist webmail domains
berlin.com,domainlist webmail domains
bestmail.us,domainlist webmail domains
bigpond.com,domainlist webmail domains
bigpond.com.au,domainlist webmail domains
bigpond.net.au,domainlist webmail domains
bikerider.com,domainlist webmail domains
birdlover.com,domainlist webmail domains
blader.com,domainlist webmail domains
boardermail.com,domainlist webmail domains
brazilmail.com,domainlist webmail domains
brew-master.com,domainlist webmail domains
brew-meister.com,domainlist webmail domains
bsdmail.com,domainlist webmail domains
californiamail.com,domainlist webmail domains
cash4u.com,domainlist webmail domains
catlover.com,domainlist webmail domains
cheerful.com,domainlist webmail domains
chef.net,domainlist webmail domains
chemist.com,domainlist webmail domains
chinamail.com,domainlist webmail domains
clerk.com,domainlist webmail domains
clubmember.org,domainlist webmail domains
cluemail.com,domainlist webmail domains
collector.org,domainlist webmail domains
columnist.com,domainlist webmail domains
comcast.net,domainlist webmail domains
comic.com,domainlist webmail domains
computer4u.com,domainlist webmail domains
consultant.com,domainlist webmail domains
contractor.net,domainlist webmail domains
coolsite.net,domainlist webmail domains
counsellor.com,domainlist webmail domains
cutey.com,domainlist webmail domains
cyber-wizard.com,domainlist webmail domains
cyberdude.com,domainlist webmail domains
cybergal.com,domainlist webmail domains
cyberservices.com,domainlist webmail domains
dallasmail.com,domainlist webmail domains
dbzmail.com,domainlist webmail domains
deliveryman.com,domainlist webmail domains
diplomats.com,domainlist webmail domains
disciples.com,domainlist webmail domains
discofan.com,domainlist webmail domains
disposable.com,domainlist webmail domains
dispostable.com,domainlist webmail domains
doctor.com,domainlist webmail domains
dodo.com.au,domainlist webmail domains
doglover.com,domainlist webmail domains
doramail.com,domainlist webmail domains
dr.com,domainlist webmail domains
dublin.com,domainlist webmail domains
dutchmail.com,domainlist webmail domains
earthlink.net,domainlist webmail domains
elitemail.org,domainlist webmail domains
elvisfan.com,domainlist webmail domains
email.com,domainlist webmail domains
emailcorner.net,domainlist webmail domains
emailengine.net,domainlist webmail domains
emailengine.org,domainlist webmail domains
emailgroups.net,domainlist webmail domains
emailplus.org,domainlist webmail domains
emailuser.net,domainlist webmail domains
eml.cc,domainlist webmail domains
engineer.com,domainlist webmail domains
englandmail.com,domainlist webmail domains
europe.com,domainlist webmail domains
europemail.com,domainlist webmail domains
everymail.net,domainlist webmail domains
everyone.net,domainlist webmail domains
execs.com,domainlist webmail domains
exemail.com.au,domainlist webmail domains
f-m.fm,domainlist webmail domains
facebook.com,domainlist webmail domains
fast-email.com,domainlist webmail domains
fast-mail.org,domainlist webmail domains
fastem.com,domainlist webmail domains
fastemail.us,domainlist webmail domains
fastemailer.com,domainlist webmail domains
fastest.cc,domainlist webmail domains
fastimap.com,domainlist webmail domains
fastmail.cn,domainlist webmail domains
fastmail.co.uk,domainlist webmail domains
fastmail.com.au,domainlist webmail domains
fastmail.es,domainlist webmail domains
fastmail.fm,domainlist webmail domains
fastmail.im,domainlist webmail domains
fastmail.in,domainlist webmail domains
fastmail.jp,domainlist webmail domains
fastmail.mx,domainlist webmail domains
fastmail.net,domainlist webmail domains
fastmail.nl,domainlist webmail domains
fastmail.se,domainlist webmail domains
fastmail.to,domainlist webmail domains
fastmail.tw,domainlist webmail domains
fastmail.us,domainlist webmail domains
fastmailbox.net,domainlist webmail domains
fastmessaging.com,domainlist webmail domains
fastservice.com,domainlist webmail domains
fea.st,domainlist webmail domains
financier.com,domainlist webmail domains
fireman.net,domainlist webmail domains
flashmail.com,domainlist webmail domains
fmail.co.uk,domainlist webmail domains
fmailbox.com,domainlist webmail domains
fmgirl.com,domainlist webmail domains
fmguy.com,domainlist webmail domains
ftml.net,domainlist webmail domains
galaxyhit.com,domainlist webmail domains
gardener.com,domainlist webmail domains
geologist.com,domainlist webmail domains
germanymail.com,domainlist webmail domains
gmail.com,domainlist webmail domains
gmx.com,domainlist webmail domains
googlemail.com,domainlist webmail domains
graduate.org,domainlist webmail domains
graphic-designer.com,domainlist webmail domains
greenmail.net,domainlist webmail domains
groupmail.com,domainlist webmail domains
guerillamail.com,domainlist webmail domains
h-mail.us,domainlist webmail domains
hackermail.com,domainlist webmail domains
hailmail.net,domainlist webmail domains
hairdresser.net,domainlist webmail domains
hilarious.com,domainlist webmail domains
hiphopfan.com,domainlist webmail domains
homemail.com,domainlist webmail domains
hot-shot.com,domainlist webmail domains
hotmail.co.uk,domainlist webmail domains
hotmail.com,domainlist webmail domains
hotmail.fr,domainlist webmail domains
hotmail.it,domainlist webmail domains
housemail.com,domainlist webmail domains
humanoid.net,domainlist webmail domains
hushmail.com,domainlist webmail domains
icloud.com,domainlist webmail domains
iinet.net.au,domainlist webmail domains
imap-mail.com,domainlist webmail domains
imap.cc,domainlist webmail domains
imapmail.org,domainlist webmail domains
iname.com,domainlist webmail domains
inbox.com,domainlist webmail domains
innocent.com,domainlist webmail domains
inorbit.com,domainlist webmail domains
inoutbox.com,domainlist webmail domains
instruction.com,domainlist webmail domains
instructor.net,domainlist webmail domains
insurer.com,domainlist webmail domains
internet-e-mail.com,domainlist webmail domains
internet-mail.org,domainlist webmail domains
internetemails.net,domainlist webmail domains
internetmailing.net,domainlist webmail domains
internode.on.net,domainlist webmail domains
iprimus.com.au,domainlist webmail domains
irelandmail.com,domainlist webmail domains
israelmail.com,domainlist webmail domains
italymail.com,domainlist webmail domains
jetemail.net,domainlist webmail domains
job4u.com,domainlist webmail domains
journalist.com,domainlist webmail domains
justemail.net,domainlist webmail domains
keromail.com,domainlist webmail domains
kissfans.com,domainlist webmail domains
kittymail.com,domainlist webmail domains
koreamail.com,domainlist webmail domains
lawyer.com,domainlist webmail domains
legislator.com,domainlist webmail domains
letterboxes.org,domainlist webmail domains
linuxmail.org,domainlist webmail domains
live.co.uk,domainlist webmail domains
live.com,domainlist webmail domains
live.com.au,domainlist webmail domains
lobbyist.com,domainlist webmail domains
lovecat.com,domainlist webmail domains
lycos.com,domainlist webmail domains
mac.com,domainlist webmail domains
madonnafan.com,domainlist webmail domains
mail-central.com,domainlist webmail domains
mail-me.com,domainlist webmail domains
mail-page.com,domainlist webmail domains
mail.com,domainlist webmail domains
mail.ru,domainlist webmail domains
mailandftp.com,domainlist webmail domains
mailas.com,domainlist webmail domains
mailbolt.com,domainlist webmail domains
mailc.net,domainlist webmail domains
mailcan.com,domainlist webmail domains
mailforce.net,domainlist webmail domains
mailftp.com,domainlist webmail domains
mailhaven.com,domainlist webmail domains
mailinator.com,domainlist webmail domains
mailingaddress.org,domainlist webmail domains
mailite.com,domainlist webmail domains
mailmight.com,domainlist webmail domains
mailnew.com,domainlist webmail domains
mailsent.net,domainlist webmail domains
mailservice.ms,domainlist webmail domains
mailup.net,domainlist webmail domains
mailworks.org,domainlist webmail domains
marchmail.com,domainlist webmail domains
me.com,domainlist webmail domains
metalfan.com,domainlist webmail domains
mexicomail.com,domainlist webmail domains
minister.com,domainlist webmail domains
ml1.net,domainlist webmail domains
mm.st,domainlist webmail domains
moscowmail.com,domainlist webmail domains
msn.com,domainlist webmail domains
munich.com,domainlist webmail domains
musician.org,domainlist webmail domains
muslim.com,domainlist webmail domains
myfastmail.com,domainlist webmail domains
mymacmail.com,domainlist webmail domains
myself.com,domainlist webmail domains
net-shopping.com,domainlist webmail domains
netspace.net.au,domainlist webmail domains
ninfan.com,domainlist webmail domains
nonpartisan.com,domainlist webmail domains
nospammail.net,domainlist webmail domains
null.net,domainlist webmail domains
nycmail.com,domainlist webmail domains
oath.com,domainlist webmail domains
onebox.com,domainlist webmail domains
operamail.com,domainlist webmail domains
optician.com,domainlist webmail domains
optusnet.com.au,domainlist webmail domains
orthodontist.net,domainlist webmail domains
outlook.com,domainlist webmail domains
ownmail.net,domainlist webmail domains
pacific-ocean.com,domainlist webmail domains
pacificwest.com,domainlist webmail domains
pediatrician.com,domainlist webmail domains
petlover.com,domainlist webmail domains
petml.com,domainlist webmail domains
photographer.net,domainlist webmail domains
physicist.net,domainlist webmail domains
planetmail.com,domainlist webmail domains
planetmail.net,domainlist webmail domains
polandmail.com,domainlist webmail domains
politician.com,domainlist webmail domains
post.com,domainlist webmail domains
postinbox.com,domainlist webmail domains
postpro.net,domainlist webmail domains
presidency.com,domainlist webmail domains
priest.com,domainlist webmail domains
programmer.net,domainlist webmail domains
proinbox.com,domainlist webmail domains
promessage.com,domainlist webmail domains
protestant.com,domainlist webmail domains
publicist.com,domainlist webmail domains
qmail.com,domainlist webmail domains
qq.com,domainlist webmail domains
qualityservice.com,domainlist webmail domains
radiologist.net,domainlist webmail domains
ravemail.com,domainlist webmail domains
realemail.net,domainlist webmail domains
reallyfast.biz,domainlist webmail domains
reallyfast.info,domainlist webmail domains
realtyagent.com,domainlist webmail domains
reborn.com,domainlist webmail domains
rediff.com,domainlist webmail domains
reggaefan.com,domainlist webmail domains
registerednurses.com,domainlist webmail domains
reincarnate.com,domainlist webmail domains
religious.com,domainlist webmail domains
repairman.com,domainlist webmail domains
representative.com,domainlist webmail domains
rescueteam.com,domainlist webmail domains
rocketmail.com,domainlist webmail domains
rocketship.com,domainlist webmail domains
runbox.com,domainlist webmail domains
rushpost.com,domainlist webmail domains
safrica.com,domainlist webmail domains
saintly.com,domainlist webmail domains
salesperson.net,domainlist webmail domains
samerica.com,domainlist webmail domains
sanfranmail.com,domainlist webmail domains
scientist.com,domainlist webmail domains
scotlandmail.com,domainlist webmail domains
secretary.net,domainlist webmail domains
sent.as,domainlist webmail domains
sent.at,domainlist webmail domains
sent.com,domainlist webmail domains
seznam.cz,domainlist webmail domains
snakebite.com,domainlist webmail domains
socialworker.net,domainlist webmail domains
sociologist.com,domainlist webmail domains
solution4u.com,domainlist webmail domains
songwriter.net,domainlist webmail domains
spainmail.com,domainlist webmail domains
spamgourmet.com,domainlist webmail domains
speedpost.net,domainlist webmail domains
speedymail.org,domainlist webmail domains
ssl-mail.com,domainlist webmail domains
surgical.net,domainlist webmail domains
swedenmail.com,domainlist webmail domains
swift-mail.com,domainlist webmail domains
swissmail.com,domainlist webmail domains
teachers.org,domainlist webmail domains
tech-center.com,domainlist webmail domains
techie.com,domainlist webmail domains
technologist.com,domainlist webmail domains
telstra.com,domainlist webmail domains
telstra.com.au,domainlist webmail domains
the-fastest.net,domainlist webmail domains
the-quickest.com,domainlist webmail domains
theinternetemail.com,domainlist webmail domains
theplate.com,domainlist webmail domains
therapist.net,domainlist webmail domains
toke.com,domainlist webmail domains
toothfairy.com,domainlist webmail domains
torontomail.com,domainlist webmail domains
tpg.com.au,domainlist webmail domains
trashmail.net,domainlist webmail domains
tvstar.com,domainlist webmail domains
umpire.com,domainlist webmail domains
usa.com,domainlist webmail domains
uymail.com,domainlist webmail domains
veryfast.biz,domainlist webmail domains
veryspeedy.net,domainlist webmail domains
virginbroadband.com.au,domainlist webmail domains
walla.com,domainlist webmail domains
walla.co.il,domainlist webmail domains
warpmail.net,domainlist webmail domains
webname.com,domainlist webmail domains
westnet.com.au,domainlist webmail domains
windowslive.com,domainlist webmail domains
worker.com,domainlist webmail domains
workmail.com,domainlist webmail domains
writeme.com,domainlist webmail domains
xsmail.com,domainlist webmail domains
xtra.co.nz,domainlist webmail domains
y7mail.com,domainlist webmail domains
yahoo.ae,domainlist webmail domains
yahoo.at,domainlist webmail domains
yahoo.be,domainlist webmail domains
yahoo.ca,domainlist webmail domains
yahoo.ch,domainlist webmail domains
yahoo.cn,domainlist webmail domains
yahoo.co.id,domainlist webmail domains
yahoo.co.il,domainlist webmail domains
yahoo.co.in,domainlist webmail domains
yahoo.co.jp,domainlist webmail domains
yahoo.co.kr,domainlist webmail domains
yahoo.co.nz,domainlist webmail domains
yahoo.co.th,domainlist webmail domains
yahoo.co.uk,domainlist webmail domains
yahoo.co.za,domainlist webmail domains
yahoo.com,domainlist webmail domains
yahoo.com.ar,domainlist webmail domains
yahoo.com.au,domainlist webmail domains
yahoo.com.br,domainlist webmail domains
yahoo.com.cn,domainlist webmail domains
yahoo.com.co,domainlist webmail domains
yahoo.com.hk,domainlist webmail domains
yahoo.com.mx,domainlist webmail domains
yahoo.com.my,domainlist webmail domains
yahoo.com.ph,domainlist webmail domains
yahoo.com.sg,domainlist webmail domains
yahoo.com.tr,domainlist webmail domains
yahoo.com.tw,domainlist webmail domains
yahoo.com.vn,domainlist webmail domains
yahoo.cz,domainlist webmail domains
yahoo.de,domainlist webmail domains
yahoo.dk,domainlist webmail domains
yahoo.es,domainlist webmail domains
yahoo.fi,domainlist webmail domains
yahoo.fr,domainlist webmail domains
yahoo.gr,domainlist webmail domains
yahoo.hu,domainlist webmail domains
yahoo.ie,domainlist webmail domains
yahoo.in,domainlist webmail domains
yahoo.it,domainlist webmail domains
yahoo.nl,domainlist webmail domains
yahoo.no,domainlist webmail domains
yahoo.pl,domainlist webmail domains
yahoo.pt,domainlist webmail domains
yahoo.ro,domainlist webmail domains
yahoo.ru,domainlist webmail domains
yahoo.se,domainlist webmail domains
yandex.ru,domainlist webmail domains
yepmail.net,domainlist webmail domains
ymail.com,domainlist webmail domains
your-mail.com,domainlist webmail domains
zoho.com,domainlist webmail domains
